#
# A fatal error has been detected by the Java Runtime Environment:
#
#  SIGSEGV (0xb) at pc=0x0000000243b89b50, pid=86475, tid=259
#
# JRE version: OpenJDK Runtime Environment Temurin-25.0.2+10 (25.0.2+10) (build 25.0.2+10-LTS)
# Java VM: OpenJDK 64-Bit Server VM Temurin-25.0.2+10 (25.0.2+10-LTS, mixed mode, sharing, tiered, compressed oops, compressed class ptrs, g1 gc, bsd-aarch64)
# Problematic frame:
# C  [GLEngine+0x117b50]  gleRunVertexSubmitImmediate+0x1940
#
# No core dump will be written. Core dumps have been disabled. To enable core dumping, try "ulimit -c unlimited" before starting Java again
#
# If you would like to submit a bug report, please visit:
#   https://github.com/adoptium/adoptium-support/issues
# The crash happened outside the Java Virtual Machine in native code.
# See problematic frame for where to report the bug.
#

---------------  S U M M A R Y ------------

Command Line: --enable-native-access=ALL-UNNAMED -XX:+ShowCodeDetailsInExceptionMessages Main

Host: "Mac15,11" arm64, 14 cores, 36G, Darwin 25.3.0, macOS 26.3.1 (25D2128)
Time: Sat Apr 11 15:35:03 2026 PDT elapsed time: 0.621353 seconds (0d 0h 0m 0s)

---------------  T H R E A D  ---------------

Current thread (0x00000001034d8380):  JavaThread "main"             [_thread_in_native, id=259, stack(0x000000016ca58000,0x000000016d254000) (8176K)]

Stack: [0x000000016ca58000,0x000000016d254000],  sp=0x000000016d24fac0,  free space=8158k
Native frames: (J=compiled Java code, j=interpreted, Vv=VM code, C=native code)
C  [GLEngine+0x117b50]  gleRunVertexSubmitImmediate+0x1940
C  [GLEngine+0x157834]  gleDrawArraysOrElements_ExecCore+0x248
C  [GLEngine+0xae080]  glDrawArrays_GL3Exec+0x1d8
j  org.lwjgl.opengl.GL11C.glDrawArrays(III)V+0
j  org.lwjgl.opengl.GL11.glDrawArrays(III)V+3
j  com.mk.engine.nodes.Mesh.draw()V+219
j  com.mk.engine.nodes.Node.draw()V+32
j  Main.main([Ljava/lang/String;)V+1458
v  ~StubRoutines::call_stub 0x000000012148c154
V  [libjvm.dylib+0x4e6d70]  JavaCalls::call_helper(JavaValue*, methodHandle const&, JavaCallArguments*, JavaThread*)+0x3dc
V  [libjvm.dylib+0x56c670]  jni_invoke_static(JNIEnv_*, JavaValue*, _jobject*, JNICallType, _jmethodID*, JNI_ArgumentPusher*, JavaThread*)+0x174
V  [libjvm.dylib+0x570074]  jni_CallStaticVoidMethod+0xfc
C  [libjli.dylib+0xac68]  JavaMain+0x918
C  [libjli.dylib+0xd990]  __JVMInit_block_invoke+0x48
C  [Foundation+0x1d878]  __NSBLOCKOPERATION_IS_CALLING_OUT_TO_A_BLOCK__+0x18
C  [Foundation+0x1d740]  -[NSBlockOperation main]+0x60
C  [Foundation+0x1d6d8]  __NSOPERATION_IS_INVOKING_MAIN__+0x10
C  [Foundation+0x1d308]  -[NSOperation start]+0x280
C  [Foundation+0x38114]  __NSThreadPerformPerform+0x108
C  [CoreFoundation+0x5fa08]  __CFRUNLOOP_IS_CALLING_OUT_TO_A_SOURCE0_PERFORM_FUNCTION__+0x1c
C  [CoreFoundation+0x5f99c]  __CFRunLoopDoSource0+0xac
C  [CoreFoundation+0x5f708]  __CFRunLoopDoSources0+0xe8
C  [CoreFoundation+0x5e398]  __CFRunLoopRun+0x334
C  [CoreFoundation+0x118f3c]  _CFRunLoopRunSpecificWithOptions+0x214
C  [libjli.dylib+0xcf7c]  CreateExecutionEnvironment+0x19c
C  [libjli.dylib+0x8a34]  JLI_Launch+0x230
C  [java+0x3ba4]  main+0x194
C  [dyld+0x8d54]  start+0x1c10
Java frames: (J=compiled Java code, j=interpreted, Vv=VM code)
j  org.lwjgl.opengl.GL11C.glDrawArrays(III)V+0
j  org.lwjgl.opengl.GL11.glDrawArrays(III)V+3
j  com.mk.engine.nodes.Mesh.draw()V+219
j  com.mk.engine.nodes.Node.draw()V+32
j  Main.main([Ljava/lang/String;)V+1458
v  ~StubRoutines::call_stub 0x000000012148c154

siginfo: si_signo: 11 (SIGSEGV), si_code: 2 (SEGV_ACCERR), si_addr: 0x0000000000000000

Registers:
 x0=0x0000000a0aba0000  x1=0x0000000000000000  x2=0x0000000000000000  x3=0x0000000000000000
 x4=0x0000000000000000  x5=0x0000000a08c0ae70  x6=0xffffffffbfc007ff  x7=0xfffff0003ffff800
 x8=0x0000000000000000  x9=0x0000001800030a01 x10=0x0000000000000000 x11=0x0000000000000000
x12=0x0000000a0aba0000 x13=0x00000000ffffffff x14=0x0000000000000000 x15=0x0000000000000000
x16=0x0000000243b897b4 x17=0x0000000243b88c18 x18=0x0000000000000000 x19=0x0000000a08c0ae70
x20=0x0000000000000001 x21=0x0000000000000003 x22=0x00000000fffffffe x23=0x0000143300041000
x24=0x0000000000000006 x25=0x00000000ffffffff x26=0x0000000000000008 x27=0x0000000000000000
x28=0x0000000000000000  fp=0x000000016d24fc60  lr=0x0000000243bc9834  sp=0x000000016d24fac0
pc=0x0000000243b89b50 cpsr=0x0000000060001000

Register to memory mapping:

x0 =0x0000000a0aba0000 points into unknown readable memory: 0x0000000000000000 | 00 00 00 00 00 00 00 00
x1 =0x0 is null
x2 =0x0 is null
x3 =0x0 is null
x4 =0x0 is null
x5 =0x0000000a08c0ae70 points into unknown readable memory: 0x0000001800030a01 | 01 0a 03 00 18 00 00 00
x6 =0xffffffffbfc007ff is an unknown value
x7 =0xfffff0003ffff800 is an unknown value
x8 =0x0 is null
x9 =0x0000001800030a01 is an unknown value
x10=0x0 is null
x11=0x0 is null
x12=0x0000000a0aba0000 points into unknown readable memory: 0x0000000000000000 | 00 00 00 00 00 00 00 00
x13=0x00000000ffffffff is an unknown value
x14=0x0 is null
x15=0x0 is null
x16=0x0000000243b897b4: gleRunVertexSubmitImmediate+0x15a4 in /System/Library/Frameworks/OpenGL.framework/Versions/A/Resources/GLEngine.bundle/GLEngine at 0x0000000243a72000
x17=0x0000000243b88c18: gleRunVertexSubmitImmediate+0xa08 in /System/Library/Frameworks/OpenGL.framework/Versions/A/Resources/GLEngine.bundle/GLEngine at 0x0000000243a72000
x18=0x0 is null
x19=0x0000000a08c0ae70 points into unknown readable memory: 0x0000001800030a01 | 01 0a 03 00 18 00 00 00
x20=0x0000000000000001 is an unknown value
x21=0x0000000000000003 is an unknown value
x22=0x00000000fffffffe is an unknown value
x23=0x0000143300041000 is an unknown value
x24=0x0000000000000006 is an unknown value
x25=0x00000000ffffffff is an unknown value
x26=0x0000000000000008 is an unknown value
x27=0x0 is null
x28=0x0 is null
 fp=0x000000016d24fc60 is pointing into the stack for thread: 0x00000001034d8380
 lr=0x0000000243bc9834: gleDrawArraysOrElements_ExecCore+0x248 in /System/Library/Frameworks/OpenGL.framework/Versions/A/Resources/GLEngine.bundle/GLEngine at 0x0000000243a72000
 sp=0x000000016d24fac0 is pointing into the stack for thread: 0x00000001034d8380

Top of Stack: (sp=0x000000016d24fac0)
0x000000016d24fac0:   447fc000447fc000 40400000447fc000   ...D...D...D..@@
0x000000016d24fad0:   0000000000000000 ffffffecfffffff6   ................
0x000000016d24fae0:   ffffffeaffffffea ffffffe2ffffffea   ................
0x000000016d24faf0:   0000000000000000 0000000a0abaa278   ........x.......
0x000000016d24fb00:   0000000000000000 000000016d24fba0   ..........$m....
0x000000016d24fb10:   00000000fffffffe 0000000a0aba0000   ................
0x000000016d24fb20:   0000000000000000 0000000000000000   ................
0x000000016d24fb30:   0000000000000000 0000000000000000   ................
0x000000016d24fb40:   0000000000000000 0000000000000000   ................
0x000000016d24fb50:   0000000000000000 000000013992da80   ...........9....
0x000000016d24fb60:   0000000000000000 0000000000000000   ................
0x000000016d24fb70:   0000000000000000 0000000000000000   ................
0x000000016d24fb80:   0000000000000000 0000000139b5c000   ...........9....
0x000000016d24fb90:   0000000139b5c1b0 0000000000000000   ...9............
0x000000016d24fba0:   0000000a0aba3e70 0000000a0aba4080   p>.......@......
0x000000016d24fbb0:   0000000a0896c3c0 0000000000000024   ........$.......
0x000000016d24fbc0:   57c17a6570a00057 0000000a0abbae80   W..pez.W........
0x000000016d24fbd0:   0000000000000000 0000000000000000   ................
0x000000016d24fbe0:   000e1781000e1781 000003c10000745f   ........_t......
0x000000016d24fbf0:   0000000000000000 0000000000000000   ................
0x000000016d24fc00:   3fe0000000000000 0000000000000000   .......?........
0x000000016d24fc10:   0000000a0abaa280 0000000a0abaac48   ........H.......
0x000000016d24fc20:   0000000000000024 0000000000000000   $...............
0x000000016d24fc30:   0000000a0896c218 0000000000000024   ........$.......
0x000000016d24fc40:   0000000000000000 0000000000000004   ................
0x000000016d24fc50:   0000000000000024 0000000a0aba0000   $...............
0x000000016d24fc60:   000000016d24fd70 0000000243bc9834   p.$m....4..C....
0x000000016d24fc70:   0000000a0896c028 0000000a0896c440   (.......@.......
0x000000016d24fc80:   0000000a0aba5144 0000000000000001   DQ..............
0x000000016d24fc90:   0000000000000000 0000000000000000   ................
0x000000016d24fca0:   0000000000000000 0000000000000000   ................
0x000000016d24fcb0:   0000000000000000 0000000000000000   ................

Instructions: (pc=0x0000000243b89b50)
  0x0000000243b89a50:   a0 00 00 54 3f 15 00 71 a1 59 ff 54 1f 0d 00 b9
  0x0000000243b89a60:   cb fa ff 17 29 00 80 52 09 0d 00 b9 c8 fa ff 17
  0x0000000243b89a70:   3f 15 00 71 c3 58 ff 54 1f 05 00 f9 c4 fa ff 17
  0x0000000243b89a80:   3f 11 00 71 41 f1 ff 54 09 f0 e7 d2 09 05 00 f9
  0x0000000243b89a90:   bf fa ff 17 00 0d 00 bd bd fa ff 17 bf 0e 00 71
  0x0000000243b89aa0:   60 05 00 54 bf 12 00 71 41 98 ff 54 1c 00 80 52
  0x0000000243b89ab0:   00 01 c0 3d e0 2f 80 3d bd fc ff 17 4b 11 c0 5a
  0x0000000243b89ac0:   6c 11 00 52 4d 01 80 52 ac 01 0c 4b 2c 21 cc 1a
  0x0000000243b89ad0:   0d 60 a8 52 ab 5d 0b 4b 8c 21 1f 12 5f 01 00 71
  0x0000000243b89ae0:   eb 03 8b 1a ea 03 8c 1a 03 00 00 14 0c 00 a7 52
  0x0000000243b89af0:   8b 35 0b 0b 6a 35 0a 2a 29 7d 0f 53 2a 01 01 33
  0x0000000243b89b00:   ea b3 00 b9 bf 0a 00 71 e3 0a 00 54 09 05 40 79
  0x0000000243b89b10:   2a 25 00 12 2b 11 16 72 60 02 00 54 0c 80 8f 52
  0x0000000243b89b20:   7f 01 0c 6b 81 03 00 54 5f 01 00 71 0a 00 b0 12
  0x0000000243b89b30:   0b f0 af 52 6a 01 8a 1a 1a 00 00 14 1c 00 80 52
  0x0000000243b89b40:   00 01 40 bd e0 b3 00 bd 99 fc ff 17 1c 00 80 52
=>0x0000000243b89b50:   00 01 40 fd e0 5b 00 fd 00 09 40 bd e0 bb 00 bd
  0x0000000243b89b60:   93 fc ff 17 4b 11 c0 5a 6c 11 00 52 4d 01 80 52
  0x0000000243b89b70:   ac 01 0c 4b 2c 21 cc 1a 0d 60 a8 52 ab 5d 0b 4b
  0x0000000243b89b80:   8c 21 1f 12 5f 01 00 71 eb 03 8b 1a ea 03 8c 1a
  0x0000000243b89b90:   03 00 00 14 0c 00 a7 52 8b 35 0b 0b 6a 35 0a 2a
  0x0000000243b89ba0:   29 7d 0f 53 2a 01 01 33 ea b7 00 b9 bf 0a 00 71
  0x0000000243b89bb0:   a0 05 00 54 09 09 40 79 2a 25 00 12 2b 11 16 72
  0x0000000243b89bc0:   20 01 00 54 0c 80 8f 52 7f 01 0c 6b 41 02 00 54
  0x0000000243b89bd0:   5f 01 00 71 0a 00 b0 12 0b f0 af 52 6a 01 8a 1a
  0x0000000243b89be0:   10 00 00 14 4b 11 c0 5a 6c 11 00 52 4d 01 80 52
  0x0000000243b89bf0:   ac 01 0c 4b 2c 21 cc 1a 0d 60 a8 52 ab 5d 0b 4b
  0x0000000243b89c00:   8c 21 1f 12 5f 01 00 71 eb 03 8b 1a ea 03 8c 1a
  0x0000000243b89c10:   03 00 00 14 0c 00 a7 52 8b 35 0b 0b 6a 35 0a 2a
  0x0000000243b89c20:   29 7d 0f 53 2a 01 01 33 ea bb 00 b9 bf 12 00 71
  0x0000000243b89c30:   a3 01 00 54 08 0d 40 79 09 25 00 12 0a 11 16 72
  0x0000000243b89c40:   80 01 00 54 0b 80 8f 52 5f 01 0b 6b 61 02 00 54


Stack slot to memory mapping:

stack at sp + 0 slots: 0x447fc000447fc000 is an unknown value
stack at sp + 1 slots: 0x40400000447fc000 is an unknown value
stack at sp + 2 slots: 0x0 is null
stack at sp + 3 slots: 0xffffffecfffffff6 is an unknown value
stack at sp + 4 slots: 0xffffffeaffffffea is an unknown value
stack at sp + 5 slots: 0xffffffe2ffffffea is an unknown value
stack at sp + 6 slots: 0x0 is null
stack at sp + 7 slots: 0x0000000a0abaa278 points into unknown readable memory: 0x0000000a0abbc500 | 00 c5 bb 0a 0a 00 00 00

Lock stack of current Java thread (top to bottom):


---------------  P R O C E S S  ---------------

Threads class SMR info:
_java_thread_list=0x0000000a0bb795e0, length=11, elements={
0x00000001034d8380, 0x0000000a09110000, 0x0000000a09110800, 0x0000000a09111000,
0x0000000a09111800, 0x0000000a09112000, 0x0000000a08c66800, 0x0000000a08c67200,
0x0000000a09112800, 0x0000000a09113000, 0x0000000a08e70a00
}

Java Threads: ( => current thread )
=>0x00000001034d8380 JavaThread "main"                              [_thread_in_native, id=259, stack(0x000000016ca58000,0x000000016d254000) (8176K)]
  0x0000000a09110000 JavaThread "Reference Handler"          daemon [_thread_blocked, id=29187, stack(0x000000016e250000,0x000000016e453000) (2060K)]
  0x0000000a09110800 JavaThread "Finalizer"                  daemon [_thread_blocked, id=23811, stack(0x000000016e45c000,0x000000016e65f000) (2060K)]
  0x0000000a09111000 JavaThread "Signal Dispatcher"          daemon [_thread_blocked, id=28675, stack(0x000000016e668000,0x000000016e86b000) (2060K)]
  0x0000000a09111800 JavaThread "Service Thread"             daemon [_thread_blocked, id=28163, stack(0x000000016e874000,0x000000016ea77000) (2060K)]
  0x0000000a09112000 JavaThread "Monitor Deflation Thread"   daemon [_thread_blocked, id=27651, stack(0x000000016ea80000,0x000000016ec83000) (2060K)]
  0x0000000a08c66800 JavaThread "C2 CompilerThread0"         daemon [_thread_blocked, id=27395, stack(0x000000016ec8c000,0x000000016ee8f000) (2060K)]
  0x0000000a08c67200 JavaThread "C1 CompilerThread0"         daemon [_thread_blocked, id=26883, stack(0x000000016ee98000,0x000000016f09b000) (2060K)]
  0x0000000a09112800 JavaThread "Notification Thread"        daemon [_thread_blocked, id=24579, stack(0x000000016f0a4000,0x000000016f2a7000) (2060K)]
  0x0000000a09113000 JavaThread "Common-Cleaner"             daemon [_thread_blocked, id=24835, stack(0x000000016f2b0000,0x000000016f4b3000) (2060K)]
  0x0000000a08e70a00 JavaThread "C2 CompilerThread1"         daemon [_thread_blocked, id=25091, stack(0x000000016f4bc000,0x000000016f6bf000) (2060K)]
Total: 11

Other Threads:
  0x0000000a08d15c00 VMThread "VM Thread"                           [id=17155, stack(0x000000016df2c000,0x000000016e12f000) (2060K)]
  0x0000000a08d15800 WatcherThread "VM Periodic Task Thread"        [id=16651, stack(0x000000016dd20000,0x000000016df23000) (2060K)]
  0x0000000a090a8500 WorkerThread "GC Thread#0"                     [id=13059, stack(0x000000016d2e4000,0x000000016d4e7000) (2060K)]
  0x0000000a090a8a00 ConcurrentGCThread "G1 Main Marker"            [id=13571, stack(0x000000016d4f0000,0x000000016d6f3000) (2060K)]
  0x0000000a090a8f00 WorkerThread "G1 Conc#0"                       [id=14339, stack(0x000000016d6fc000,0x000000016d8ff000) (2060K)]
  0x0000000a090a9400 ConcurrentGCThread "G1 Refine#0"               [id=14595, stack(0x000000016d908000,0x000000016db0b000) (2060K)]
  0x0000000a090a9900 ConcurrentGCThread "G1 Service"                [id=21507, stack(0x000000016db14000,0x000000016dd17000) (2060K)]
Total: 7

Threads with active compile tasks:
Total: 0

VM state: not at safepoint (normal execution)

VM Mutex/Monitor currently owned by a thread: None

Heap address: 0x0000000431000000, size: 9216 MB, Compressed Oops mode: Zero based, Oop shift amount: 3

CDS archive(s) mapped at: [0x00000fe000000000-0x00000fe000d94000-0x00000fe000d94000), size 14237696, SharedBaseAddress: 0x00000fe000000000, ArchiveRelocationMode: 1.
Compressed class space mapped at: 0x00000fe001000000-0x00000fe041000000, reserved size: 1073741824
UseCompressedClassPointers 1, UseCompactObjectHeaders 0
Narrow klass pointer bits 32, Max shift 3
Narrow klass base: 0x00000fe000000000, Narrow klass shift: 0
Encoding Range: [0x00000fe000000000 - 0x00000fe100000000), (4294967296 bytes)
Klass Range:    [0x00000fe000004000 - 0x00000fe041000000), (1090502656 bytes)
Klass ID Range:  [16384 - 1090519033) (1090502649)
Protection zone: [0x00000fe000000000 - 0x00000fe000004000), (16384 bytes)

GC Precious Log:
 CardTable entry size: 512
 Card Set container configuration: InlinePtr #cards 4 size 8 Array Of Cards #cards 64 size 144 Howl #buckets 8 coarsen threshold 14745 Howl Bitmap #cards 2048 size 272 coarsen threshold 1843 Card regions per heap region 1 cards per card region 16384
 CPUs: 14 total, 14 available
 Memory: 36864M
 Large Page Support: Disabled
 NUMA Support: Disabled
 Compressed Oops: Enabled (Zero based)
 Heap Region Size: 8M
 Heap Min Capacity: 8M
 Heap Initial Capacity: 576M
 Heap Max Capacity: 9G
 Pre-touch: Disabled
 Parallel Workers: 11
 Concurrent Workers: 3
 Concurrent Refinement Workers: 11
 Periodic GC: Disabled

Heap:
 garbage-first heap   total reserved 9437184K, committed 598016K, used 33918K [0x0000000431000000, 0x0000000671000000)
  region size 8192K, 5 young (40960K), 0 survivors (0K)

Heap Regions: E=young(eden), S=young(survivor), O=old, HS=humongous(starts), HC=humongous(continues), CS=collection set, F=free, TAMS=top-at-mark-start, PB=parsable bottom
|   0|0x0000000431000000, 0x0000000431000000, 0x0000000431800000|  0%| F|  |TAMS 0x0000000431000000| PB 0x0000000431000000| Untracked |  0
|   1|0x0000000431800000, 0x0000000431800000, 0x0000000432000000|  0%| F|  |TAMS 0x0000000431800000| PB 0x0000000431800000| Untracked |  0
|   2|0x0000000432000000, 0x0000000432000000, 0x0000000432800000|  0%| F|  |TAMS 0x0000000432000000| PB 0x0000000432000000| Untracked |  0
|   3|0x0000000432800000, 0x0000000432800000, 0x0000000433000000|  0%| F|  |TAMS 0x0000000432800000| PB 0x0000000432800000| Untracked |  0
|   4|0x0000000433000000, 0x0000000433000000, 0x0000000433800000|  0%| F|  |TAMS 0x0000000433000000| PB 0x0000000433000000| Untracked |  0
|   5|0x0000000433800000, 0x0000000433800000, 0x0000000434000000|  0%| F|  |TAMS 0x0000000433800000| PB 0x0000000433800000| Untracked |  0
|   6|0x0000000434000000, 0x0000000434000000, 0x0000000434800000|  0%| F|  |TAMS 0x0000000434000000| PB 0x0000000434000000| Untracked |  0
|   7|0x0000000434800000, 0x0000000434800000, 0x0000000435000000|  0%| F|  |TAMS 0x0000000434800000| PB 0x0000000434800000| Untracked |  0
|   8|0x0000000435000000, 0x0000000435000000, 0x0000000435800000|  0%| F|  |TAMS 0x0000000435000000| PB 0x0000000435000000| Untracked |  0
|   9|0x0000000435800000, 0x0000000435800000, 0x0000000436000000|  0%| F|  |TAMS 0x0000000435800000| PB 0x0000000435800000| Untracked |  0
|  10|0x0000000436000000, 0x0000000436000000, 0x0000000436800000|  0%| F|  |TAMS 0x0000000436000000| PB 0x0000000436000000| Untracked |  0
|  11|0x0000000436800000, 0x0000000436800000, 0x0000000437000000|  0%| F|  |TAMS 0x0000000436800000| PB 0x0000000436800000| Untracked |  0
|  12|0x0000000437000000, 0x0000000437000000, 0x0000000437800000|  0%| F|  |TAMS 0x0000000437000000| PB 0x0000000437000000| Untracked |  0
|  13|0x0000000437800000, 0x0000000437800000, 0x0000000438000000|  0%| F|  |TAMS 0x0000000437800000| PB 0x0000000437800000| Untracked |  0
|  14|0x0000000438000000, 0x0000000438000000, 0x0000000438800000|  0%| F|  |TAMS 0x0000000438000000| PB 0x0000000438000000| Untracked |  0
|  15|0x0000000438800000, 0x0000000438800000, 0x0000000439000000|  0%| F|  |TAMS 0x0000000438800000| PB 0x0000000438800000| Untracked |  0
|  16|0x0000000439000000, 0x0000000439000000, 0x0000000439800000|  0%| F|  |TAMS 0x0000000439000000| PB 0x0000000439000000| Untracked |  0
|  17|0x0000000439800000, 0x0000000439800000, 0x000000043a000000|  0%| F|  |TAMS 0x0000000439800000| PB 0x0000000439800000| Untracked |  0
|  18|0x000000043a000000, 0x000000043a000000, 0x000000043a800000|  0%| F|  |TAMS 0x000000043a000000| PB 0x000000043a000000| Untracked |  0
|  19|0x000000043a800000, 0x000000043a800000, 0x000000043b000000|  0%| F|  |TAMS 0x000000043a800000| PB 0x000000043a800000| Untracked |  0
|  20|0x000000043b000000, 0x000000043b000000, 0x000000043b800000|  0%| F|  |TAMS 0x000000043b000000| PB 0x000000043b000000| Untracked |  0
|  21|0x000000043b800000, 0x000000043b800000, 0x000000043c000000|  0%| F|  |TAMS 0x000000043b800000| PB 0x000000043b800000| Untracked |  0
|  22|0x000000043c000000, 0x000000043c000000, 0x000000043c800000|  0%| F|  |TAMS 0x000000043c000000| PB 0x000000043c000000| Untracked |  0
|  23|0x000000043c800000, 0x000000043c800000, 0x000000043d000000|  0%| F|  |TAMS 0x000000043c800000| PB 0x000000043c800000| Untracked |  0
|  24|0x000000043d000000, 0x000000043d000000, 0x000000043d800000|  0%| F|  |TAMS 0x000000043d000000| PB 0x000000043d000000| Untracked |  0
|  25|0x000000043d800000, 0x000000043d800000, 0x000000043e000000|  0%| F|  |TAMS 0x000000043d800000| PB 0x000000043d800000| Untracked |  0
|  26|0x000000043e000000, 0x000000043e000000, 0x000000043e800000|  0%| F|  |TAMS 0x000000043e000000| PB 0x000000043e000000| Untracked |  0
|  27|0x000000043e800000, 0x000000043e800000, 0x000000043f000000|  0%| F|  |TAMS 0x000000043e800000| PB 0x000000043e800000| Untracked |  0
|  28|0x000000043f000000, 0x000000043f000000, 0x000000043f800000|  0%| F|  |TAMS 0x000000043f000000| PB 0x000000043f000000| Untracked |  0
|  29|0x000000043f800000, 0x000000043f800000, 0x0000000440000000|  0%| F|  |TAMS 0x000000043f800000| PB 0x000000043f800000| Untracked |  0
|  30|0x0000000440000000, 0x0000000440000000, 0x0000000440800000|  0%| F|  |TAMS 0x0000000440000000| PB 0x0000000440000000| Untracked |  0
|  31|0x0000000440800000, 0x0000000440800000, 0x0000000441000000|  0%| F|  |TAMS 0x0000000440800000| PB 0x0000000440800000| Untracked |  0
|  32|0x0000000441000000, 0x0000000441000000, 0x0000000441800000|  0%| F|  |TAMS 0x0000000441000000| PB 0x0000000441000000| Untracked |  0
|  33|0x0000000441800000, 0x0000000441800000, 0x0000000442000000|  0%| F|  |TAMS 0x0000000441800000| PB 0x0000000441800000| Untracked |  0
|  34|0x0000000442000000, 0x0000000442000000, 0x0000000442800000|  0%| F|  |TAMS 0x0000000442000000| PB 0x0000000442000000| Untracked |  0
|  35|0x0000000442800000, 0x0000000442800000, 0x0000000443000000|  0%| F|  |TAMS 0x0000000442800000| PB 0x0000000442800000| Untracked |  0
|  36|0x0000000443000000, 0x0000000443000000, 0x0000000443800000|  0%| F|  |TAMS 0x0000000443000000| PB 0x0000000443000000| Untracked |  0
|  37|0x0000000443800000, 0x0000000443800000, 0x0000000444000000|  0%| F|  |TAMS 0x0000000443800000| PB 0x0000000443800000| Untracked |  0
|  38|0x0000000444000000, 0x0000000444000000, 0x0000000444800000|  0%| F|  |TAMS 0x0000000444000000| PB 0x0000000444000000| Untracked |  0
|  39|0x0000000444800000, 0x0000000444800000, 0x0000000445000000|  0%| F|  |TAMS 0x0000000444800000| PB 0x0000000444800000| Untracked |  0
|  40|0x0000000445000000, 0x0000000445000000, 0x0000000445800000|  0%| F|  |TAMS 0x0000000445000000| PB 0x0000000445000000| Untracked |  0
|  41|0x0000000445800000, 0x0000000445800000, 0x0000000446000000|  0%| F|  |TAMS 0x0000000445800000| PB 0x0000000445800000| Untracked |  0
|  42|0x0000000446000000, 0x0000000446000000, 0x0000000446800000|  0%| F|  |TAMS 0x0000000446000000| PB 0x0000000446000000| Untracked |  0
|  43|0x0000000446800000, 0x0000000446800000, 0x0000000447000000|  0%| F|  |TAMS 0x0000000446800000| PB 0x0000000446800000| Untracked |  0
|  44|0x0000000447000000, 0x0000000447000000, 0x0000000447800000|  0%| F|  |TAMS 0x0000000447000000| PB 0x0000000447000000| Untracked |  0
|  45|0x0000000447800000, 0x0000000447800000, 0x0000000448000000|  0%| F|  |TAMS 0x0000000447800000| PB 0x0000000447800000| Untracked |  0
|  46|0x0000000448000000, 0x0000000448000000, 0x0000000448800000|  0%| F|  |TAMS 0x0000000448000000| PB 0x0000000448000000| Untracked |  0
|  47|0x0000000448800000, 0x0000000448800000, 0x0000000449000000|  0%| F|  |TAMS 0x0000000448800000| PB 0x0000000448800000| Untracked |  0
|  48|0x0000000449000000, 0x0000000449000000, 0x0000000449800000|  0%| F|  |TAMS 0x0000000449000000| PB 0x0000000449000000| Untracked |  0
|  49|0x0000000449800000, 0x0000000449800000, 0x000000044a000000|  0%| F|  |TAMS 0x0000000449800000| PB 0x0000000449800000| Untracked |  0
|  50|0x000000044a000000, 0x000000044a000000, 0x000000044a800000|  0%| F|  |TAMS 0x000000044a000000| PB 0x000000044a000000| Untracked |  0
|  51|0x000000044a800000, 0x000000044a800000, 0x000000044b000000|  0%| F|  |TAMS 0x000000044a800000| PB 0x000000044a800000| Untracked |  0
|  52|0x000000044b000000, 0x000000044b000000, 0x000000044b800000|  0%| F|  |TAMS 0x000000044b000000| PB 0x000000044b000000| Untracked |  0
|  53|0x000000044b800000, 0x000000044b800000, 0x000000044c000000|  0%| F|  |TAMS 0x000000044b800000| PB 0x000000044b800000| Untracked |  0
|  54|0x000000044c000000, 0x000000044c000000, 0x000000044c800000|  0%| F|  |TAMS 0x000000044c000000| PB 0x000000044c000000| Untracked |  0
|  55|0x000000044c800000, 0x000000044c800000, 0x000000044d000000|  0%| F|  |TAMS 0x000000044c800000| PB 0x000000044c800000| Untracked |  0
|  56|0x000000044d000000, 0x000000044d000000, 0x000000044d800000|  0%| F|  |TAMS 0x000000044d000000| PB 0x000000044d000000| Untracked |  0
|  57|0x000000044d800000, 0x000000044d800000, 0x000000044e000000|  0%| F|  |TAMS 0x000000044d800000| PB 0x000000044d800000| Untracked |  0
|  58|0x000000044e000000, 0x000000044e000000, 0x000000044e800000|  0%| F|  |TAMS 0x000000044e000000| PB 0x000000044e000000| Untracked |  0
|  59|0x000000044e800000, 0x000000044e800000, 0x000000044f000000|  0%| F|  |TAMS 0x000000044e800000| PB 0x000000044e800000| Untracked |  0
|  60|0x000000044f000000, 0x000000044f000000, 0x000000044f800000|  0%| F|  |TAMS 0x000000044f000000| PB 0x000000044f000000| Untracked |  0
|  61|0x000000044f800000, 0x000000044f800000, 0x0000000450000000|  0%| F|  |TAMS 0x000000044f800000| PB 0x000000044f800000| Untracked |  0
|  62|0x0000000450000000, 0x0000000450000000, 0x0000000450800000|  0%| F|  |TAMS 0x0000000450000000| PB 0x0000000450000000| Untracked |  0
|  63|0x0000000450800000, 0x0000000450800000, 0x0000000451000000|  0%| F|  |TAMS 0x0000000450800000| PB 0x0000000450800000| Untracked |  0
|  64|0x0000000451000000, 0x0000000451000000, 0x0000000451800000|  0%| F|  |TAMS 0x0000000451000000| PB 0x0000000451000000| Untracked |  0
|  65|0x0000000451800000, 0x0000000451800000, 0x0000000452000000|  0%| F|  |TAMS 0x0000000451800000| PB 0x0000000451800000| Untracked |  0
|  66|0x0000000452000000, 0x0000000452000000, 0x0000000452800000|  0%| F|  |TAMS 0x0000000452000000| PB 0x0000000452000000| Untracked |  0
|  67|0x0000000452800000, 0x00000004529f1f68, 0x0000000453000000| 24%| E|  |TAMS 0x0000000452800000| PB 0x0000000452800000| Complete |  0
|  68|0x0000000453000000, 0x0000000453800000, 0x0000000453800000|100%| E|CS|TAMS 0x0000000453000000| PB 0x0000000453000000| Complete |  0
|  69|0x0000000453800000, 0x0000000454000000, 0x0000000454000000|100%| E|CS|TAMS 0x0000000453800000| PB 0x0000000453800000| Complete |  0
|  70|0x0000000454000000, 0x0000000454800000, 0x0000000454800000|100%| E|CS|TAMS 0x0000000454000000| PB 0x0000000454000000| Complete |  0
|  71|0x0000000454800000, 0x0000000455000000, 0x0000000455000000|100%| E|CS|TAMS 0x0000000454800000| PB 0x0000000454800000| Complete |  0
|1151|0x0000000670800000, 0x000000067091f8b0, 0x0000000671000000| 14%| O|  |TAMS 0x0000000670800000| PB 0x0000000670800000| Untracked |  0

Card table byte_map: [0x0000000128f58000,0x000000012a158000] _byte_map_base: 0x0000000126dd0000

Marking Bits: (CMBitMap*) 0x00000001034e3600
 Bits: [0x000000012a158000, 0x0000000133158000)

Polling page: 0x0000000102bd4000

Metaspace:
Metaspace        used 9713K, committed 10176K, reserved 1114112K
 class space     used 724K, committed 896K, reserved 1048576K

Usage:
  Non-class:      8.78 MB used.
      Class:    724.77 KB used.
       Both:      9.49 MB used.

Virtual space:
  Non-class space:       64.00 MB reserved,       9.06 MB ( 14%) committed,  1 nodes.
      Class space:        1.00 GB reserved,     896.00 KB ( <1%) committed,  1 nodes.
             Both:        1.06 GB reserved,       9.94 MB ( <1%) committed. 

Chunk freelists:
   Non-Class:  6.20 MB
       Class:  14.95 MB
        Both:  21.15 MB

MaxMetaspaceSize: unlimited
CompressedClassSpaceSize: 1.00 GB
Initial GC threshold: 21.00 MB
Current GC threshold: 21.00 MB
CDS: on
 - commit_granule_bytes: 65536.
 - commit_granule_words: 8192.
 - virtual_space_node_default_size: 8388608.
 - enlarge_chunks_in_place: 1.
UseCompressedClassPointers 1, UseCompactObjectHeaders 0
Narrow klass pointer bits 32, Max shift 3
Narrow klass base: 0x00000fe000000000, Narrow klass shift: 0
Encoding Range: [0x00000fe000000000 - 0x00000fe100000000), (4294967296 bytes)
Klass Range:    [0x00000fe000004000 - 0x00000fe041000000), (1090502656 bytes)
Klass ID Range:  [16384 - 1090519033) (1090502649)
Protection zone: [0x00000fe000000000 - 0x00000fe000004000), (16384 bytes)


Internal statistics:

num_allocs_failed_limit: 0.
num_arena_births: 586.
num_arena_deaths: 0.
num_vsnodes_births: 2.
num_vsnodes_deaths: 0.
num_space_committed: 158.
num_space_uncommitted: 0.
num_chunks_returned_to_freelist: 0.
num_chunks_taken_from_freelist: 985.
num_chunk_merges: 0.
num_chunk_splits: 692.
num_chunks_enlarged: 447.
num_inconsistent_stats: 0.

CodeHeap 'non-profiled nmethods': size=120048Kb used=423Kb max_used=423Kb free=119624Kb
 bounds [0x0000000121a1c000, 0x0000000121c8c000, 0x0000000128f58000]
CodeHeap 'profiled nmethods': size=120016Kb used=2652Kb max_used=2652Kb free=117363Kb
 bounds [0x0000000119f58000, 0x000000011a1f8000, 0x000000012148c000]
CodeHeap 'non-nmethods': size=5696Kb used=2290Kb max_used=2304Kb free=3405Kb
 bounds [0x000000012148c000, 0x00000001216fc000, 0x0000000121a1c000]
CodeCache: size=245760Kb, used=5365Kb, max_used=5379Kb, free=240392Kb
 total_blobs=3458, nmethods=1812, adapters=1541, full_count=0
Compilation: enabled, stopped_count=0, restarted_count=0

Compilation events (20 events):
Event: 0.617 Thread 0x0000000a08c67200 1808       3       java.lang.invoke.MethodHandleStatics::traceLambdaForm (96 bytes)
Event: 0.617 Thread 0x0000000a08c67200 nmethod 1808 0x000000011a1eaec8 code [0x000000011a1eafc0, 0x000000011a1eb140]
Event: 0.617 Thread 0x0000000a08c67200 1813       3       sun.reflect.generics.parser.SignatureParser::skipIdentifier (67 bytes)
Event: 0.617 Thread 0x0000000a08c67200 nmethod 1813 0x000000011a1eb148 code [0x000000011a1eb240, 0x000000011a1eb830]
Event: 0.617 Thread 0x0000000a08c67200 1811       3       java.nio.Buffer::nextGetIndex (32 bytes)
Event: 0.617 Thread 0x0000000a08c67200 nmethod 1811 0x000000011a1eb848 code [0x000000011a1eb940, 0x000000011a1ebb60]
Event: 0.617 Thread 0x0000000a08c67200 1812       3       java.nio.HeapByteBuffer::byteOffset (7 bytes)
Event: 0.617 Thread 0x0000000a08c67200 nmethod 1812 0x000000011a1ebb88 code [0x000000011a1ebc80, 0x000000011a1ebda8]
Event: 0.618 Thread 0x0000000a08c67200 1815       3       java.lang.invoke.LambdaForm$Name::internArguments (62 bytes)
Event: 0.618 Thread 0x0000000a08c67200 nmethod 1815 0x000000011a1ebdc8 code [0x000000011a1ebec0, 0x000000011a1ec5b0]
Event: 0.618 Thread 0x0000000a08c67200 1816       3       java.lang.invoke.MethodHandles$Lookup::<init> (84 bytes)
Event: 0.618 Thread 0x0000000a08c67200 nmethod 1816 0x000000011a1ec5c8 code [0x000000011a1ec6c0, 0x000000011a1ec910]
Event: 0.618 Thread 0x0000000a08c67200 1819       3       java.lang.invoke.LambdaForm::methodType (48 bytes)
Event: 0.618 Thread 0x0000000a08c67200 nmethod 1819 0x000000011a1ec948 code [0x000000011a1eca40, 0x000000011a1ed070]
Event: 0.619 Thread 0x0000000a08c67200 1820       3       sun.net.util.URLUtil::urlNoFragString (143 bytes)
Event: 0.619 Thread 0x0000000a08c67200 nmethod 1820 0x000000011a1ed088 code [0x000000011a1ed180, 0x000000011a1eeab0]
Event: 0.619 Thread 0x0000000a08c67200 1821       3       java.lang.String::contains (19 bytes)
Event: 0.620 Thread 0x0000000a08c67200 nmethod 1821 0x000000011a1eeb08 code [0x000000011a1eec00, 0x000000011a1eef30]
Event: 0.620 Thread 0x0000000a08c67200 1822       3       java.util.List::of (4 bytes)
Event: 0.620 Thread 0x0000000a08c67200 nmethod 1822 0x000000011a1eef48 code [0x000000011a1ef040, 0x000000011a1ef128]

GC Heap Usage History (0 events):
No events

Metaspace Usage History (0 events):
No events

Dll operation events (9 events):
Event: 0.006 Loaded shared library /Library/Java/JavaVirtualMachines/temurin-25.jdk/Contents/Home/lib/libjava.dylib
Event: 0.028 Loaded shared library /Library/Java/JavaVirtualMachines/temurin-25.jdk/Contents/Home/lib/libnio.dylib
Event: 0.036 Loaded shared library /Library/Java/JavaVirtualMachines/temurin-25.jdk/Contents/Home/lib/libzip.dylib
Event: 0.065 Loaded shared library /Library/Java/JavaVirtualMachines/temurin-25.jdk/Contents/Home/lib/libjimage.dylib
Event: 0.068 Loaded shared library /Library/Java/JavaVirtualMachines/temurin-25.jdk/Contents/Home/lib/libnet.dylib
Event: 0.074 Loaded shared library /private/var/folders/p7/vhv4lqg12pj2spxrn1n67ks00000gn/T/lwjgl_matthew/3.4.1+2/arm64/liblwjgl.dylib
Event: 0.482 Loaded shared library /private/var/folders/p7/vhv4lqg12pj2spxrn1n67ks00000gn/T/lwjgl_matthew/3.4.1+2/arm64/liblwjgl_opengl.dylib
Event: 0.542 Loaded shared library /Library/Java/JavaVirtualMachines/temurin-25.jdk/Contents/Home/lib/libverify.dylib
Event: 0.563 Loaded shared library /private/var/folders/p7/vhv4lqg12pj2spxrn1n67ks00000gn/T/lwjgl_matthew/3.4.1+2/arm64/liblwjgl_stb.dylib

Deoptimization events (20 events):
Event: 0.580 Thread 0x00000001034d8380 Uncommon trap: trap_request=0xffffffde fr.pc=0x0000000121a83404 relative=0x0000000000000104
Event: 0.580 Thread 0x00000001034d8380 Uncommon trap: reason=class_check action=maybe_recompile pc=0x0000000121a83404 method=jdk.internal.misc.Unsafe.allocateUninitializedArray(Ljava/lang/Class;I)Ljava/lang/Object; @ 51 c2
Event: 0.580 Thread 0x00000001034d8380 DEOPT PACKING pc=0x0000000121a83404 sp=0x000000016d24dde0
Event: 0.580 Thread 0x00000001034d8380 DEOPT UNPACKING pc=0x000000012159f2dc sp=0x000000016d24dd60 mode 2
Event: 0.580 Thread 0x00000001034d8380 Uncommon trap: trap_request=0xffffffde fr.pc=0x0000000121a83404 relative=0x0000000000000104
Event: 0.580 Thread 0x00000001034d8380 Uncommon trap: reason=class_check action=maybe_recompile pc=0x0000000121a83404 method=jdk.internal.misc.Unsafe.allocateUninitializedArray(Ljava/lang/Class;I)Ljava/lang/Object; @ 51 c2
Event: 0.580 Thread 0x00000001034d8380 DEOPT PACKING pc=0x0000000121a83404 sp=0x000000016d24dde0
Event: 0.580 Thread 0x00000001034d8380 DEOPT UNPACKING pc=0x000000012159f2dc sp=0x000000016d24dd60 mode 2
Event: 0.580 Thread 0x00000001034d8380 Uncommon trap: trap_request=0xffffffde fr.pc=0x0000000121a83404 relative=0x0000000000000104
Event: 0.580 Thread 0x00000001034d8380 Uncommon trap: reason=class_check action=maybe_recompile pc=0x0000000121a83404 method=jdk.internal.misc.Unsafe.allocateUninitializedArray(Ljava/lang/Class;I)Ljava/lang/Object; @ 51 c2
Event: 0.580 Thread 0x00000001034d8380 DEOPT PACKING pc=0x0000000121a83404 sp=0x000000016d24df20
Event: 0.580 Thread 0x00000001034d8380 DEOPT UNPACKING pc=0x000000012159f2dc sp=0x000000016d24dea0 mode 2
Event: 0.580 Thread 0x00000001034d8380 Uncommon trap: trap_request=0xfffffff4 fr.pc=0x0000000121a77bb8 relative=0x0000000000000138
Event: 0.580 Thread 0x00000001034d8380 Uncommon trap: reason=null_check action=make_not_entrant pc=0x0000000121a77bb8 method=java.lang.reflect.Array.newInstance(Ljava/lang/Class;I)Ljava/lang/Object; @ 2 c2
Event: 0.580 Thread 0x00000001034d8380 DEOPT PACKING pc=0x0000000121a77bb8 sp=0x000000016d24e8b0
Event: 0.580 Thread 0x00000001034d8380 DEOPT UNPACKING pc=0x000000012159f2dc sp=0x000000016d24e850 mode 2
Event: 0.614 Thread 0x00000001034d8380 Uncommon trap: trap_request=0xffffff6e fr.pc=0x0000000121a83768 relative=0x00000000000001a8
Event: 0.614 Thread 0x00000001034d8380 Uncommon trap: reason=predicate action=maybe_recompile pc=0x0000000121a83768 method=java.util.regex.Pattern$BmpCharPropertyGreedy.match(Ljava/util/regex/Matcher;ILjava/lang/CharSequence;)Z @ 12 c2
Event: 0.614 Thread 0x00000001034d8380 DEOPT PACKING pc=0x0000000121a83768 sp=0x000000016d24fb50
Event: 0.614 Thread 0x00000001034d8380 DEOPT UNPACKING pc=0x000000012159f2dc sp=0x000000016d24fae0 mode 2

Classes loaded (20 events):
Event: 0.581 Loading class java/util/stream/WhileOps$DropWhileOp done
Event: 0.581 Loading class java/util/stream/WhileOps$1Op done
Event: 0.581 Loading class java/util/stream/SliceOps
Event: 0.581 Loading class java/util/stream/SliceOps done
Event: 0.581 Loading class java/util/stream/SliceOps$1
Event: 0.581 Loading class java/util/stream/SliceOps$1 done
Event: 0.581 Loading class java/util/stream/SliceOps$1$1
Event: 0.581 Loading class java/util/stream/SliceOps$1$1 done
Event: 0.581 Loading class java/util/stream/WhileOps$1Op$1OpSink
Event: 0.581 Loading class java/util/stream/WhileOps$DropWhileSink
Event: 0.581 Loading class java/util/stream/WhileOps$DropWhileSink done
Event: 0.581 Loading class java/util/stream/WhileOps$1Op$1OpSink done
Event: 0.610 Loading class java/lang/InstantiationException
Event: 0.610 Loading class java/lang/InstantiationException done
Event: 0.618 Loading class java/lang/NumberFormatException
Event: 0.619 Loading class java/lang/NumberFormatException done
Event: 0.619 Loading class java/lang/MatchException
Event: 0.619 Loading class java/lang/MatchException done
Event: 0.620 Loading class java/nio/DirectFloatBufferU
Event: 0.620 Loading class java/nio/DirectFloatBufferU done

Classes unloaded (0 events):
No events

Classes redefined (0 events):
No events

Internal exceptions (20 events):
Event: 0.477 Thread 0x00000001034d8380 Exception <a 'java/lang/NoSuchMethodError'{0x0000000453010348}: 'void java.lang.invoke.Invokers$Holder.invokeExact_MT(java.lang.Object, long, int, java.lang.Object)'> (0x0000000453010348) 
thrown [src/hotspot/share/interpreter/linkResolver.cpp, line 804]
Event: 0.479 Thread 0x00000001034d8380 Exception <a 'java/lang/NoSuchMethodError'{0x000000045302c890}: 'void java.lang.System.load(java.lang.String, java.lang.Class)'> (0x000000045302c890) 
thrown [src/hotspot/share/interpreter/linkResolver.cpp, line 804]
Event: 0.479 Thread 0x00000001034d8380 Exception <a 'java/lang/NoSuchMethodError'{0x0000000453034670}: 'void java.lang.System.loadLibrary(java.lang.String, java.lang.Class)'> (0x0000000453034670) 
thrown [src/hotspot/share/interpreter/linkResolver.cpp, line 804]
Event: 0.490 Thread 0x00000001034d8380 Exception <a 'java/lang/NoSuchMethodError'{0x00000004530d48c8}: 'void java.lang.invoke.DirectMethodHandle$Holder.invokeStatic(java.lang.Object, java.lang.Object, java.lang.Object, int, long)'> (0x00000004530d48c8) 
thrown [src/hotspot/share/interpreter/linkResolver.cpp, line 804]
Event: 0.491 Thread 0x00000001034d8380 Exception <a 'java/lang/NoSuchMethodError'{0x00000004530dcaa0}: 'void java.lang.invoke.DirectMethodHandle$Holder.invokeStaticInit(java.lang.Object, java.lang.Object, java.lang.Object, int, long)'> (0x00000004530dcaa0) 
thrown [src/hotspot/share/interpreter/linkResolver.cpp, line 804]
Event: 0.491 Thread 0x00000001034d8380 Exception <a 'java/lang/NoSuchMethodError'{0x00000004530ecfa8}: 'void java.lang.invoke.DelegatingMethodHandle$Holder.reinvoke_L(java.lang.Object, java.lang.Object, java.lang.Object, int, long)'> (0x00000004530ecfa8) 
thrown [src/hotspot/share/interpreter/linkResolver.cpp, line 804]
Event: 0.493 Thread 0x00000001034d8380 Exception <a 'java/lang/NoSuchMethodError'{0x0000000453143eb0}: 'long java.lang.invoke.DirectMethodHandle$Holder.invokeStaticInit(java.lang.Object, java.lang.Object, java.lang.Object, int, int)'> (0x0000000453143eb0) 
thrown [src/hotspot/share/interpreter/linkResolver.cpp, line 804]
Event: 0.494 Thread 0x00000001034d8380 Exception <a 'java/lang/NoSuchMethodError'{0x0000000453154318}: 'long java.lang.invoke.DelegatingMethodHandle$Holder.reinvoke_L(java.lang.Object, java.lang.Object, java.lang.Object, int, int)'> (0x0000000453154318) 
thrown [src/hotspot/share/interpreter/linkResolver.cpp, line 804]
Event: 0.494 Thread 0x00000001034d8380 Exception <a 'java/lang/NoSuchMethodError'{0x0000000453175310}: 'long java.lang.invoke.DirectMethodHandle$Holder.invokeSpecial(java.lang.Object, java.lang.Object, java.lang.Object, int, int)'> (0x0000000453175310) 
thrown [src/hotspot/share/interpreter/linkResolver.cpp, line 804]
Event: 0.495 Thread 0x00000001034d8380 Exception <a 'java/lang/NoSuchMethodError'{0x00000004531a6068}: 'int java.lang.invoke.DirectMethodHandle$Holder.invokeStatic(java.lang.Object, java.lang.Object, java.lang.Object, long)'> (0x00000004531a6068) 
thrown [src/hotspot/share/interpreter/linkResolver.cpp, line 804]
Event: 0.495 Thread 0x00000001034d8380 Exception <a 'java/lang/NoSuchMethodError'{0x00000004531b61c0}: 'int java.lang.invoke.DelegatingMethodHandle$Holder.reinvoke_L(java.lang.Object, java.lang.Object, java.lang.Object, long)'> (0x00000004531b61c0) 
thrown [src/hotspot/share/interpreter/linkResolver.cpp, line 804]
Event: 0.559 Thread 0x00000001034d8380 Exception <a 'java/lang/NoSuchMethodError'{0x00000004535ff9f0}: 'void java.lang.System.load(java.lang.String, java.lang.Class)'> (0x00000004535ff9f0) 
thrown [src/hotspot/share/interpreter/linkResolver.cpp, line 804]
Event: 0.559 Thread 0x00000001034d8380 Exception <a 'java/lang/NoSuchMethodError'{0x00000004536077d0}: 'void java.lang.System.loadLibrary(java.lang.String, java.lang.Class)'> (0x00000004536077d0) 
thrown [src/hotspot/share/interpreter/linkResolver.cpp, line 804]
Event: 0.580 Thread 0x00000001034d8380 Implicit null exception at 0x0000000121a77aac to 0x0000000121a77ba8
Event: 0.616 Thread 0x00000001034d8380 Exception <a 'java/lang/NoSuchMethodError'{0x0000000452917d88}: 'double java.lang.invoke.DirectMethodHandle$Holder.invokeStaticInit(java.lang.Object, java.lang.Object, java.lang.Object)'> (0x0000000452917d88) 
thrown [src/hotspot/share/interpreter/linkResolver.cpp, line 804]
Event: 0.616 Thread 0x00000001034d8380 Exception <a 'java/lang/NoSuchMethodError'{0x0000000452927fc0}: 'double java.lang.invoke.DelegatingMethodHandle$Holder.reinvoke_L(java.lang.Object, java.lang.Object, java.lang.Object)'> (0x0000000452927fc0) 
thrown [src/hotspot/share/interpreter/linkResolver.cpp, line 804]
Event: 0.616 Thread 0x00000001034d8380 Exception <a 'java/lang/NoSuchMethodError'{0x00000004529486a0}: 'double java.lang.invoke.DirectMethodHandle$Holder.invokeSpecial(java.lang.Object, java.lang.Object, java.lang.Object)'> (0x00000004529486a0) 
thrown [src/hotspot/share/interpreter/linkResolver.cpp, line 804]
Event: 0.616 Thread 0x00000001034d8380 Exception <a 'java/lang/NoSuchMethodError'{0x0000000452950348}: 'double java.lang.invoke.Invokers$Holder.invokeExact_MT(java.lang.Object, java.lang.Object, java.lang.Object)'> (0x0000000452950348) 
thrown [src/hotspot/share/interpreter/linkResolver.cpp, line 804]
Event: 0.617 Thread 0x00000001034d8380 Exception <a 'java/lang/NoSuchMethodError'{0x000000045297c6b0}: 'int java.lang.invoke.DirectMethodHandle$Holder.invokeStaticInit(java.lang.Object, java.lang.Object, java.lang.Object, long)'> (0x000000045297c6b0) 
thrown [src/hotspot/share/interpreter/linkResolver.cpp, line 804]
Event: 0.618 Thread 0x00000001034d8380 Exception <a 'java/lang/NoSuchMethodError'{0x00000004529a5298}: 'int java.lang.invoke.DirectMethodHandle$Holder.invokeSpecial(java.lang.Object, java.lang.Object, long, long)'> (0x00000004529a5298) 
thrown [src/hotspot/share/interpreter/linkResolver.cpp, line 804]

VM Operations (20 events):
Event: 0.037 Executing non-safepoint VM operation: HandshakeAllThreads (Deoptimize)
Event: 0.037 Executing non-safepoint VM operation: HandshakeAllThreads (Deoptimize) done
Event: 0.113 Executing non-safepoint VM operation: HandshakeAllThreads (Deoptimize)
Event: 0.113 Executing non-safepoint VM operation: HandshakeAllThreads (Deoptimize) done
Event: 0.149 Executing non-safepoint VM operation: HandshakeAllThreads (Deoptimize)
Event: 0.149 Executing non-safepoint VM operation: HandshakeAllThreads (Deoptimize) done
Event: 0.164 Executing non-safepoint VM operation: HandshakeAllThreads (Deoptimize)
Event: 0.164 Executing non-safepoint VM operation: HandshakeAllThreads (Deoptimize) done
Event: 0.256 Executing non-safepoint VM operation: HandshakeAllThreads (Deoptimize)
Event: 0.256 Executing non-safepoint VM operation: HandshakeAllThreads (Deoptimize) done
Event: 0.569 Executing non-safepoint VM operation: HandshakeAllThreads (Deoptimize)
Event: 0.569 Executing non-safepoint VM operation: HandshakeAllThreads (Deoptimize) done
Event: 0.579 Executing non-safepoint VM operation: HandshakeAllThreads (Deoptimize)
Event: 0.579 Executing non-safepoint VM operation: HandshakeAllThreads (Deoptimize) done
Event: 0.581 Executing non-safepoint VM operation: HandshakeAllThreads (Deoptimize)
Event: 0.581 Executing non-safepoint VM operation: HandshakeAllThreads (Deoptimize) done
Event: 0.581 Executing non-safepoint VM operation: HandshakeAllThreads (Deoptimize)
Event: 0.581 Executing non-safepoint VM operation: HandshakeAllThreads (Deoptimize) done
Event: 0.619 Executing non-safepoint VM operation: HandshakeAllThreads (Deoptimize)
Event: 0.619 Executing non-safepoint VM operation: HandshakeAllThreads (Deoptimize) done

Memory protections (14 events):
Event: 0.005 Protecting memory [0x000000016ca58000,0x000000016ca64000] with protection modes 0
Event: 0.009 Protecting memory [0x00000fe000000000,0x00000fe000004000] with protection modes 0
Event: 0.017 Protecting memory [0x000000016e250000,0x000000016e25c000] with protection modes 0
Event: 0.017 Protecting memory [0x000000016e45c000,0x000000016e468000] with protection modes 0
Event: 0.017 Protecting memory [0x000000016e668000,0x000000016e674000] with protection modes 0
Event: 0.018 Protecting memory [0x000000016e874000,0x000000016e880000] with protection modes 0
Event: 0.018 Protecting memory [0x000000016ea80000,0x000000016ea8c000] with protection modes 0
Event: 0.018 Protecting memory [0x000000016ec8c000,0x000000016ec98000] with protection modes 0
Event: 0.018 Protecting memory [0x000000016ee98000,0x000000016eea4000] with protection modes 0
Event: 0.023 Protecting memory [0x000000016f0a4000,0x000000016f0b0000] with protection modes 0
Event: 0.025 Protecting memory [0x000000016f2b0000,0x000000016f2bc000] with protection modes 0
Event: 0.220 Protecting memory [0x000000016f4bc000,0x000000016f4c8000] with protection modes 0
Event: 0.222 Protecting memory [0x000000016f6c8000,0x000000016f6d4000] with protection modes 0
Event: 0.474 Protecting memory [0x000000016f6c8000,0x000000016f6d4000] with protection modes 3

Nmethod flushes (0 events):
No events

Events (13 events):
Event: 0.010 Thread 0x00000001034d8380 Thread added: 0x00000001034d8380
Event: 0.017 Thread 0x00000001034d8380 Thread added: 0x0000000a09110000
Event: 0.017 Thread 0x00000001034d8380 Thread added: 0x0000000a09110800
Event: 0.017 Thread 0x00000001034d8380 Thread added: 0x0000000a09111000
Event: 0.018 Thread 0x00000001034d8380 Thread added: 0x0000000a09111800
Event: 0.018 Thread 0x00000001034d8380 Thread added: 0x0000000a09112000
Event: 0.018 Thread 0x00000001034d8380 Thread added: 0x0000000a08c66800
Event: 0.018 Thread 0x00000001034d8380 Thread added: 0x0000000a08c67200
Event: 0.023 Thread 0x00000001034d8380 Thread added: 0x0000000a09112800
Event: 0.025 Thread 0x00000001034d8380 Thread added: 0x0000000a09113000
Event: 0.220 Thread 0x0000000a08c67200 Thread added: 0x0000000a08e70a00
Event: 0.222 Thread 0x0000000a08c67200 Thread added: 0x0000000a08e71400
Event: 0.474 Thread 0x0000000a08e71400 Thread exited: 0x0000000a08e71400


Dynamic libraries:
0x0000000102bec000 	/Library/Java/JavaVirtualMachines/temurin-25.jdk/Contents/Home/lib/libjli.dylib
0x00000001bbbf3000 	/System/Library/Frameworks/ApplicationServices.framework/Versions/A/ApplicationServices
0x00000001a6460000 	/System/Library/Frameworks/CoreGraphics.framework/Versions/A/CoreGraphics
0x00000001a259b000 	/System/Library/Frameworks/CoreText.framework/Versions/A/CoreText
0x00000001ac55c000 	/System/Library/Frameworks/ImageIO.framework/Versions/A/ImageIO
0x00000001a6bba000 	/System/Library/Frameworks/ColorSync.framework/Versions/A/ColorSync
0x00000001b3428000 	/System/Library/Frameworks/ApplicationServices.framework/Versions/A/Frameworks/ATS.framework/Versions/A/ATS
0x00000001b7654000 	/System/Library/Frameworks/CoreServices.framework/Versions/A/CoreServices
0x00000001a6d66000 	/System/Library/Frameworks/ApplicationServices.framework/Versions/A/Frameworks/HIServices.framework/Versions/A/HIServices
0x00000001b1ad9000 	/System/Library/Frameworks/ApplicationServices.framework/Versions/A/Frameworks/PrintCore.framework/Versions/A/PrintCore
0x00000001b37ea000 	/System/Library/Frameworks/ApplicationServices.framework/Versions/A/Frameworks/QD.framework/Versions/A/QD
0x00000001b37e5000 	/System/Library/Frameworks/ApplicationServices.framework/Versions/A/Frameworks/ColorSyncLegacy.framework/Versions/A/ColorSyncLegacy
0x00000001b33fa000 	/System/Library/Frameworks/ApplicationServices.framework/Versions/A/Frameworks/SpeechSynthesis.framework/Versions/A/SpeechSynthesis
0x00000001af187000 	/usr/lib/libSystem.B.dylib
0x00000001a5e99000 	/System/Library/PrivateFrameworks/SkyLight.framework/Versions/A/SkyLight
0x00000001a75af000 	/System/Library/PrivateFrameworks/ProtocolBuffer.framework/Versions/A/ProtocolBuffer
0x00000001af18c000 	/System/Library/PrivateFrameworks/SoftLinking.framework/Versions/A/SoftLinking
0x00000001a339f000 	/usr/lib/libicucore.A.dylib
0x00000001a8f17000 	/System/Library/PrivateFrameworks/CoreAnalytics.framework/Versions/A/CoreAnalytics
0x00000001abf2d000 	/System/Library/PrivateFrameworks/FontServices.framework/libFontParser.dylib
0x00000001b78cb000 	/System/Library/Frameworks/Accelerate.framework/Versions/A/Accelerate
0x00000001aba3b000 	/System/Library/Frameworks/IOSurface.framework/Versions/A/IOSurface
0x00000001a9c70000 	/usr/lib/libxml2.2.dylib
0x00000001a5a02000 	/System/Library/Frameworks/CFNetwork.framework/Versions/A/CFNetwork
0x000000019f6f7000 	/System/Library/Frameworks/CoreFoundation.framework/Versions/A/CoreFoundation
0x00000001a0f4a000 	/System/Library/Frameworks/Foundation.framework/Versions/C/Foundation
0x00000001af0d0000 	/usr/lib/libz.1.dylib
0x000000019f260000 	/usr/lib/libobjc.A.dylib
0x000000019f5c6000 	/usr/lib/libc++.1.dylib
0x00000001a2f7a000 	/System/Library/Frameworks/Security.framework/Versions/A/Security
0x0000000258fba000 	/System/Library/PrivateFrameworks/CollectionsInternal.framework/Versions/A/CollectionsInternal
0x00000001b2aef000 	/usr/lib/swift/libswiftCore.dylib
0x00000001cc0bf000 	/usr/lib/swift/libswiftCoreFoundation.dylib
0x00000001b937e000 	/usr/lib/swift/libswiftDispatch.dylib
0x00000001cc119000 	/usr/lib/swift/libswiftIOKit.dylib
0x00000001bc244000 	/usr/lib/swift/libswiftObjectiveC.dylib
0x00000001cc0d1000 	/usr/lib/swift/libswiftXPC.dylib
0x000000029eabb000 	/usr/lib/swift/libswift_Builtin_float.dylib
0x0000000255da0000 	/System/Library/PrivateFrameworks/BiomeLibrary.framework/Versions/A/BiomeLibrary
0x00000001a7854000 	/System/Library/PrivateFrameworks/BaseBoard.framework/Versions/A/BaseBoard
0x00000001b96e2000 	/System/Library/PrivateFrameworks/BoardServices.framework/Versions/A/BoardServices
0x00000001bb4b5000 	/System/Library/PrivateFrameworks/BackBoardServices.framework/Versions/A/BackBoardServices
0x0000000255cb9000 	/System/Library/PrivateFrameworks/BackBoardHIDEventFoundation.framework/Versions/A/BackBoardHIDEventFoundation
0x00000001a9d57000 	/System/Library/Frameworks/CoreVideo.framework/Versions/A/CoreVideo
0x00000001a8f47000 	/usr/lib/libDiagnosticMessagesClient.dylib
0x00000001a20ac000 	/System/Library/Frameworks/CoreDisplay.framework/Versions/A/CoreDisplay
0x00000001ae41e000 	/usr/lib/libbsm.0.dylib
0x00000001b1410000 	/System/Library/Frameworks/VideoToolbox.framework/Versions/A/VideoToolbox
0x00000001af3aa000 	/System/Library/Frameworks/MetalPerformanceShaders.framework/Versions/A/MetalPerformanceShaders
0x00000001ae0ee000 	/System/Library/PrivateFrameworks/IOMobileFramebuffer.framework/Versions/A/IOMobileFramebuffer
0x000000027f1a5000 	/System/Library/PrivateFrameworks/ProDisplayLibrary.framework/Versions/A/ProDisplayLibrary
0x00000001bf295000 	/System/Library/PrivateFrameworks/IOSurfaceAccelerator.framework/Versions/A/IOSurfaceAccelerator
0x00000001a7945000 	/System/Library/PrivateFrameworks/RunningBoardServices.framework/Versions/A/RunningBoardServices
0x00000001a0ba9000 	/System/Library/Frameworks/SystemConfiguration.framework/Versions/A/SystemConfiguration
0x00000001aba63000 	/System/Library/Frameworks/Metal.framework/Versions/A/Metal
0x00000001aba58000 	/System/Library/PrivateFrameworks/IOAccelerator.framework/Versions/A/IOAccelerator
0x00000001abd70000 	/System/Library/Frameworks/CoreMedia.framework/Versions/A/CoreMedia
0x00000001a5e74000 	/System/Library/PrivateFrameworks/TCC.framework/Versions/A/TCC
0x00000001a5ddb000 	/usr/lib/libMobileGestalt.dylib
0x00000001b13c8000 	/System/Library/PrivateFrameworks/WatchdogClient.framework/Versions/A/WatchdogClient
0x00000001a947c000 	/System/Library/Frameworks/QuartzCore.framework/Versions/A/QuartzCore
0x00000001a39f7000 	/System/Library/Frameworks/IOKit.framework/Versions/A/IOKit
0x00000001af3b3000 	/usr/lib/libcompression.dylib
0x00000001b13ca000 	/System/Library/PrivateFrameworks/MultitouchSupport.framework/Versions/A/MultitouchSupport
0x00000001e38b7000 	/usr/lib/swift/libswiftAccelerate.dylib
0x00000001cc09f000 	/usr/lib/swift/libswiftCoreAudio.dylib
0x00000001e78ff000 	/usr/lib/swift/libswiftCoreMedia.dylib
0x00000001d9d21000 	/usr/lib/swift/libswiftMetal.dylib
0x00000001e90a6000 	/usr/lib/swift/libswiftOSLog.dylib
0x00000001df03a000 	/usr/lib/swift/libswiftQuartzCore.dylib
0x00000001e38a8000 	/usr/lib/swift/libswiftUniformTypeIdentifiers.dylib
0x000000029eaa3000 	/usr/lib/swift/libswiftVideoToolbox.dylib
0x00000001bc248000 	/usr/lib/swift/libswiftos.dylib
0x00000001cfb7e000 	/usr/lib/swift/libswiftsimd.dylib
0x00000001dad41000 	/System/Library/PrivateFrameworks/BiomeStreams.framework/Versions/A/BiomeStreams
0x00000001e0e60000 	/System/Library/PrivateFrameworks/BiomeStorage.framework/Versions/A/BiomeStorage
0x00000001d6f0c000 	/System/Library/PrivateFrameworks/BiomeFoundation.framework/Versions/A/BiomeFoundation
0x000000027066b000 	/System/Library/PrivateFrameworks/IntelligencePlatformLibrary.framework/Versions/A/IntelligencePlatformLibrary
0x00000001a75cb000 	/usr/lib/libsqlite3.dylib
0x000000027e4a4000 	/System/Library/PrivateFrameworks/PoirotSchematizer.framework/Versions/A/PoirotSchematizer
0x00000002565e8000 	/System/Library/PrivateFrameworks/BiomeSync.framework/Versions/A/BiomeSync
0x0000000255d86000 	/System/Library/PrivateFrameworks/BiomeDSL.framework/Versions/A/BiomeDSL
0x00000001e0e02000 	/System/Library/PrivateFrameworks/BiomePubSub.framework/Versions/A/BiomePubSub
0x00000001cbf85000 	/System/Library/PrivateFrameworks/LoggingSupport.framework/Versions/A/LoggingSupport
0x00000001bd1fe000 	/System/Library/PrivateFrameworks/ProactiveSupport.framework/Versions/A/ProactiveSupport
0x00000001f97d2000 	/System/Library/PrivateFrameworks/FeatureFlags.framework/Versions/A/FeatureFlags
0x00000001f1932000 	/System/Library/PrivateFrameworks/InternalSwiftProtobuf.framework/Versions/A/InternalSwiftProtobuf
0x000000027e50e000 	/System/Library/PrivateFrameworks/PoirotUDFs.framework/Versions/A/PoirotUDFs
0x000000029ec29000 	/usr/lib/swift/libswift_StringProcessing.dylib
0x00000001af181000 	/usr/lib/system/libcache.dylib
0x00000001af13c000 	/usr/lib/system/libcommonCrypto.dylib
0x00000001af167000 	/usr/lib/system/libcompiler_rt.dylib
0x00000001af15c000 	/usr/lib/system/libcopyfile.dylib
0x000000019f400000 	/usr/lib/system/libcorecrypto.dylib
0x000000019f4f9000 	/usr/lib/system/libdispatch.dylib
0x000000019f2b4000 	/usr/lib/system/libdyld.dylib
0x00000001af177000 	/usr/lib/system/libkeymgr.dylib
0x00000001af11f000 	/usr/lib/system/libmacho.dylib
0x00000001ae3f6000 	/usr/lib/system/libquarantine.dylib
0x00000001af174000 	/usr/lib/system/libremovefile.dylib
0x00000001a5e5c000 	/usr/lib/system/libsystem_asl.dylib
0x000000019f385000 	/usr/lib/system/libsystem_blocks.dylib
0x000000019f543000 	/usr/lib/system/libsystem_c.dylib
0x00000001af16b000 	/usr/lib/system/libsystem_collections.dylib
0x00000001ace58000 	/usr/lib/system/libsystem_configuration.dylib
0x00000001aba02000 	/usr/lib/system/libsystem_containermanager.dylib
0x00000001aeb86000 	/usr/lib/system/libsystem_coreservices.dylib
0x00000001a3671000 	/usr/lib/system/libsystem_darwin.dylib
0x000000029ee11000 	/usr/lib/system/libsystem_darwindirectory.dylib
0x00000001af178000 	/usr/lib/system/libsystem_dnssd.dylib
0x000000029ee15000 	/usr/lib/system/libsystem_eligibility.dylib
0x000000019f540000 	/usr/lib/system/libsystem_featureflags.dylib
0x000000019f6c7000 	/usr/lib/system/libsystem_info.dylib
0x00000001af0e0000 	/usr/lib/system/libsystem_m.dylib
0x000000019f4ad000 	/usr/lib/system/libsystem_malloc.dylib
0x00000001a5dbe000 	/usr/lib/system/libsystem_networkextension.dylib
0x00000001a3ae2000 	/usr/lib/system/libsystem_notify.dylib
0x00000001ace5d000 	/usr/lib/system/libsystem_sandbox.dylib
0x000000029ee1f000 	/usr/lib/system/libsystem_sanitizers.dylib
0x00000001af170000 	/usr/lib/system/libsystem_secinit.dylib
0x000000019f674000 	/usr/lib/system/libsystem_kernel.dylib
0x000000019f6be000 	/usr/lib/system/libsystem_platform.dylib
0x000000019f6b1000 	/usr/lib/system/libsystem_pthread.dylib
0x00000001a7a38000 	/usr/lib/system/libsystem_symptoms.dylib
0x000000019f3df000 	/usr/lib/system/libsystem_trace.dylib
0x000000029ee27000 	/usr/lib/system/libsystem_trial.dylib
0x00000001af14a000 	/usr/lib/system/libunwind.dylib
0x000000019f389000 	/usr/lib/system/libxpc.dylib
0x000000019f659000 	/usr/lib/libc++abi.dylib
0x000000029d701000 	/usr/lib/libRosetta.dylib
0x000000029e652000 	/usr/lib/libswiftPrespecialized.dylib
0x00000001a9c26000 	/System/Library/PrivateFrameworks/CoreAutoLayout.framework/Versions/A/CoreAutoLayout
0x00000001af189000 	/usr/lib/libfakelink.dylib
0x00000001a903b000 	/System/Library/Frameworks/DiskArbitration.framework/Versions/A/DiskArbitration
0x00000001af1dd000 	/usr/lib/libarchive.2.dylib
0x00000001ace6b000 	/usr/lib/liblangid.dylib
0x00000001b535f000 	/System/Library/Frameworks/Combine.framework/Versions/A/Combine
0x0000000280139000 	/System/Library/PrivateFrameworks/ReflectionInternal.framework/Versions/A/ReflectionInternal
0x0000000280fc5000 	/System/Library/PrivateFrameworks/RuntimeInternal.framework/Versions/A/RuntimeInternal
0x00000001c8f66000 	/usr/lib/swift/libswiftDarwin.dylib
0x000000029ea89000 	/usr/lib/swift/libswiftSystem.dylib
0x000000029eabe000 	/usr/lib/swift/libswift_Concurrency.dylib
0x000000029eb48000 	/usr/lib/swift/libswift_DarwinFoundation1.dylib
0x00000001a3976000 	/System/Library/PrivateFrameworks/CoreServicesInternal.framework/Versions/A/CoreServicesInternal
0x00000001af154000 	/usr/lib/liboah.dylib
0x00000001bb691000 	/System/Library/PrivateFrameworks/DiskImages.framework/Versions/A/DiskImages
0x00000001c8a28000 	/System/Library/Frameworks/NetFS.framework/Versions/A/NetFS
0x00000001a9bea000 	/System/Library/Frameworks/CoreServices.framework/Versions/A/Frameworks/FSEvents.framework/Versions/A/FSEvents
0x00000001a367c000 	/System/Library/Frameworks/CoreServices.framework/Versions/A/Frameworks/CarbonCore.framework/Versions/A/CarbonCore
0x00000001a8faf000 	/System/Library/Frameworks/CoreServices.framework/Versions/A/Frameworks/Metadata.framework/Versions/A/Metadata
0x00000001aeb8e000 	/System/Library/Frameworks/CoreServices.framework/Versions/A/Frameworks/OSServices.framework/Versions/A/OSServices
0x00000001af2d5000 	/System/Library/Frameworks/CoreServices.framework/Versions/A/Frameworks/SearchKit.framework/Versions/A/SearchKit
0x00000001a79b1000 	/System/Library/Frameworks/CoreServices.framework/Versions/A/Frameworks/AE.framework/Versions/A/AE
0x000000019fc41000 	/System/Library/Frameworks/CoreServices.framework/Versions/A/Frameworks/LaunchServices.framework/Versions/A/LaunchServices
0x00000001b06f6000 	/System/Library/Frameworks/CoreServices.framework/Versions/A/Frameworks/DictionaryServices.framework/Versions/A/DictionaryServices
0x00000001a9bf8000 	/System/Library/Frameworks/CoreServices.framework/Versions/A/Frameworks/SharedFileList.framework/Versions/A/SharedFileList
0x00000001af36a000 	/usr/lib/libapple_nghttp2.dylib
0x00000001bb8d9000 	/System/Library/PrivateFrameworks/AppSupport.framework/Versions/A/AppSupport
0x00000001b3821000 	/System/Library/Frameworks/GSS.framework/Versions/A/GSS
0x00000001b1bf0000 	/System/Library/PrivateFrameworks/InternationalSupport.framework/Versions/A/InternationalSupport
0x00000001bc1d2000 	/System/Library/PrivateFrameworks/StreamingZip.framework/Versions/A/StreamingZip
0x00000001a5dd9000 	/usr/lib/libenergytrace.dylib
0x00000001a7a41000 	/System/Library/Frameworks/Network.framework/Versions/A/Network
0x00000001af123000 	/usr/lib/system/libkxld.dylib
0x000000025481b000 	/System/Library/PrivateFrameworks/AppleKeyStore.framework/Versions/A/AppleKeyStore
0x000000029d3e4000 	/usr/lib/libCoreEntitlements.dylib
0x000000027600b000 	/System/Library/PrivateFrameworks/MessageSecurity.framework/Versions/A/MessageSecurity
0x00000001b877f000 	/System/Library/PrivateFrameworks/SymptomDiagnosticReporter.framework/Versions/A/SymptomDiagnosticReporter
0x00000001b093a000 	/System/Library/PrivateFrameworks/CrashReporterSupport.framework/Versions/A/CrashReporterSupport
0x00000001aeb6d000 	/System/Library/PrivateFrameworks/AppleFSCompression.framework/Versions/A/AppleFSCompression
0x00000001ae406000 	/usr/lib/libcoretls.dylib
0x00000001b076d000 	/usr/lib/libcoretls_cfhelpers.dylib
0x00000001af3ac000 	/usr/lib/libpam.2.dylib
0x00000001b07df000 	/usr/lib/libxar.1.dylib
0x00000001b076f000 	/System/Library/PrivateFrameworks/APFS.framework/Versions/A/APFS
0x000000028ba71000 	/System/Library/PrivateFrameworks/SwiftASN1Internal.framework/Versions/A/SwiftASN1Internal
0x00000001b07ee000 	/usr/lib/libutil.dylib
0x00000001ace66000 	/System/Library/PrivateFrameworks/AppleSystemInfo.framework/Versions/A/AppleSystemInfo
0x00000001b3884000 	/System/Library/PrivateFrameworks/MobileAsset.framework/Versions/A/MobileAsset
0x00000001b878f000 	/System/Library/PrivateFrameworks/PowerLog.framework/Versions/A/PowerLog
0x000000024dd30000 	/System/Library/Frameworks/SwiftData.framework/Versions/A/SwiftData
0x00000001a5438000 	/System/Library/Frameworks/UniformTypeIdentifiers.framework/Versions/A/UniformTypeIdentifiers
0x00000001a9e1d000 	/System/Library/PrivateFrameworks/UserManagement.framework/Versions/A/UserManagement
0x00000001a592d000 	/usr/lib/libboringssl.dylib
0x00000001a7a26000 	/usr/lib/libdns_services.dylib
0x00000001cafbc000 	/usr/lib/libquic.dylib
0x00000001b2a7f000 	/usr/lib/libusrtcp.dylib
0x000000025560d000 	/System/Library/PrivateFrameworks/AtomicsInternal.framework/Versions/A/AtomicsInternal
0x000000029e919000 	/usr/lib/swift/libswiftDistributed.dylib
0x000000029e942000 	/usr/lib/swift/libswiftObservation.dylib
0x000000029ea81000 	/usr/lib/swift/libswiftSynchronization.dylib
0x00000001ace64000 	/System/Library/PrivateFrameworks/AggregateDictionary.framework/Versions/A/AggregateDictionary
0x00000001a71c4000 	/System/Library/Frameworks/CoreData.framework/Versions/A/CoreData
0x00000001b074e000 	/usr/lib/liblzma.5.dylib
0x00000001ae2ff000 	/System/Library/PrivateFrameworks/MobileKeyBag.framework/Versions/A/MobileKeyBag
0x00000001bbbf4000 	/System/Library/PrivateFrameworks/InternationalTextSearch.framework/Versions/A/InternationalTextSearch
0x00000001d3410000 	/System/Library/PrivateFrameworks/SoftwareUpdateCoreSupport.framework/Versions/A/SoftwareUpdateCoreSupport
0x00000001db7c5000 	/System/Library/PrivateFrameworks/SoftwareUpdateCoreConnect.framework/Versions/A/SoftwareUpdateCoreConnect
0x00000001bb78f000 	/System/Library/PrivateFrameworks/RemoteServiceDiscovery.framework/Versions/A/RemoteServiceDiscovery
0x00000001d3007000 	/System/Library/PrivateFrameworks/MSUDataAccessor.framework/Versions/A/MSUDataAccessor
0x00000001ce0e1000 	/usr/lib/libbootpolicy.dylib
0x00000001bb7a6000 	/System/Library/PrivateFrameworks/RemoteXPC.framework/Versions/A/RemoteXPC
0x00000001dac0d000 	/usr/lib/libFDR.dylib
0x00000001e0a23000 	/usr/lib/libamsupport.dylib
0x000000029d6f9000 	/usr/lib/libReverseProxyDevice.dylib
0x0000000254144000 	/System/Library/PrivateFrameworks/AppleDeviceQuerySupport.framework/Versions/A/AppleDeviceQuerySupport
0x00000001e3ab7000 	/usr/lib/libpartition2_dynamic.dylib
0x00000001af346000 	/System/Library/PrivateFrameworks/AppleSauce.framework/Versions/A/AppleSauce
0x000000029d285000 	/usr/lib/libAppleArchive.dylib
0x00000001aeb79000 	/usr/lib/libbz2.1.0.dylib
0x00000001a9045000 	/System/Library/Frameworks/Accelerate.framework/Versions/A/Frameworks/vImage.framework/Versions/A/vImage
0x00000001b762e000 	/System/Library/Frameworks/Accelerate.framework/Versions/A/Frameworks/vecLib.framework/Versions/A/vecLib
0x00000001b0825000 	/System/Library/Frameworks/Accelerate.framework/Versions/A/Frameworks/vecLib.framework/Versions/A/libvMisc.dylib
0x00000001a0141000 	/System/Library/Frameworks/Accelerate.framework/Versions/A/Frameworks/vecLib.framework/Versions/A/libBLAS.dylib
0x0000000243888000 	/System/Library/Frameworks/OpenGL.framework/Versions/A/OpenGL
0x0000000266e49000 	/System/Library/PrivateFrameworks/GPUCompiler.framework/Versions/32023/Libraries/libllvm-flatbuffers.dylib
0x0000000261755000 	/System/Library/PrivateFrameworks/FramePacing.framework/Versions/A/FramePacing
0x000000024387a000 	/System/Library/Frameworks/OpenGL.framework/Versions/A/Libraries/libCoreFSCache.dylib
0x0000000262896000 	/System/Library/PrivateFrameworks/GPUCompiler.framework/Versions/32023/Libraries/libGPUCompilerUtils.dylib
0x00000002438d9000 	/System/Library/Frameworks/OpenGL.framework/Versions/A/Libraries/libGLU.dylib
0x000000024389c000 	/System/Library/Frameworks/OpenGL.framework/Versions/A/Libraries/libGFXShared.dylib
0x0000000243a68000 	/System/Library/Frameworks/OpenGL.framework/Versions/A/Libraries/libGL.dylib
0x00000002438a5000 	/System/Library/Frameworks/OpenGL.framework/Versions/A/Libraries/libGLImage.dylib
0x0000000243899000 	/System/Library/Frameworks/OpenGL.framework/Versions/A/Libraries/libCVMSPluginSupport.dylib
0x0000000243882000 	/System/Library/Frameworks/OpenGL.framework/Versions/A/Libraries/libCoreVMClient.dylib
0x00000001adf7e000 	/System/Library/Frameworks/Accelerate.framework/Versions/A/Frameworks/vecLib.framework/Versions/A/libvDSP.dylib
0x00000001af48a000 	/System/Library/Frameworks/Accelerate.framework/Versions/A/Frameworks/vecLib.framework/Versions/A/libLAPACK.dylib
0x00000001ae494000 	/System/Library/Frameworks/Accelerate.framework/Versions/A/Frameworks/vecLib.framework/Versions/A/libLinearAlgebra.dylib
0x00000001af383000 	/System/Library/Frameworks/Accelerate.framework/Versions/A/Frameworks/vecLib.framework/Versions/A/libSparseBLAS.dylib
0x00000001af485000 	/System/Library/Frameworks/Accelerate.framework/Versions/A/Frameworks/vecLib.framework/Versions/A/libQuadrature.dylib
0x00000001acf96000 	/System/Library/Frameworks/Accelerate.framework/Versions/A/Frameworks/vecLib.framework/Versions/A/libBNNS.dylib
0x00000001a0a36000 	/System/Library/Frameworks/Accelerate.framework/Versions/A/Frameworks/vecLib.framework/Versions/A/libSparse.dylib
0x0000000272792000 	/System/Library/PrivateFrameworks/MIL.framework/Versions/A/MIL
0x00000001ddc96000 	/System/Library/PrivateFrameworks/OSAnalytics.framework/Versions/A/OSAnalytics
0x000000025f54d000 	/System/Library/PrivateFrameworks/DeviceRecovery.framework/Versions/A/DeviceRecovery
0x00000001b9ae8000 	/System/Library/PrivateFrameworks/CoreSymbolication.framework/Versions/A/CoreSymbolication
0x00000001ed101000 	/System/Library/PrivateFrameworks/Symbolication.framework/Versions/A/Symbolication
0x00000001b9ac5000 	/System/Library/PrivateFrameworks/DebugSymbols.framework/Versions/A/DebugSymbols
0x00000001cc012000 	/System/Library/PrivateFrameworks/MallocStackLogging.framework/Versions/A/MallocStackLogging
0x000000029eb89000 	/usr/lib/swift/libswift_RegexParser.dylib
0x00000001b8679000 	/System/Library/Frameworks/CoreBluetooth.framework/Versions/A/CoreBluetooth
0x00000001b39f4000 	/System/Library/PrivateFrameworks/CorePhoneNumbers.framework/Versions/A/CorePhoneNumbers
0x00000001af1c2000 	/usr/lib/libiconv.2.dylib
0x00000001af11e000 	/usr/lib/libcharset.1.dylib
0x0000000245828000 	/System/Library/Frameworks/ExtensionFoundation.framework/Versions/A/ExtensionFoundation
0x00000001b0e15000 	/System/Library/PrivateFrameworks/AppServerSupport.framework/Versions/A/AppServerSupport
0x00000001b0c17000 	/System/Library/PrivateFrameworks/IconServices.framework/Versions/A/IconServices
0x0000000246b90000 	/System/Library/Frameworks/LightweightCodeRequirements.framework/Versions/A/LightweightCodeRequirements
0x00000001b0a91000 	/System/Library/PrivateFrameworks/PlugInKit.framework/Versions/A/PlugInKit
0x00000001ae317000 	/System/Library/PrivateFrameworks/AssertionServices.framework/Versions/A/AssertionServices
0x00000001b11b0000 	/System/Library/PrivateFrameworks/AppleJPEG.framework/Versions/A/AppleJPEG
0x00000001b0b92000 	/usr/lib/libexpat.1.dylib
0x00000001b19ac000 	/System/Library/Frameworks/ImageIO.framework/Versions/A/Resources/libPng.dylib
0x00000001b19d8000 	/System/Library/Frameworks/ImageIO.framework/Versions/A/Resources/libTIFF.dylib
0x00000001b1ac2000 	/System/Library/Frameworks/ImageIO.framework/Versions/A/Resources/libGIF.dylib
0x00000001b11f5000 	/System/Library/Frameworks/ImageIO.framework/Versions/A/Resources/libJP2.dylib
0x00000001b08a0000 	/usr/lib/libate.dylib
0x00000001b1a68000 	/System/Library/Frameworks/ImageIO.framework/Versions/A/Resources/libJPEG.dylib
0x00000001b1a5f000 	/System/Library/Frameworks/ImageIO.framework/Versions/A/Resources/libRadiance.dylib
0x00000001b0bb7000 	/System/Library/PrivateFrameworks/IconFoundation.framework/Versions/A/IconFoundation
0x000000026d56d000 	/System/Library/PrivateFrameworks/IconRendering.framework/Versions/A/IconRendering
0x00000001a98f1000 	/System/Library/PrivateFrameworks/CoreUI.framework/Versions/A/CoreUI
0x00000001ac8ab000 	/System/Library/Frameworks/CoreImage.framework/Versions/A/CoreImage
0x0000000281176000 	/System/Library/PrivateFrameworks/SFSymbols.framework/Versions/A/SFSymbols
0x00000002456e3000 	/System/Library/Frameworks/DeveloperToolsSupport.framework/Versions/A/DeveloperToolsSupport
0x00000001c32d2000 	/System/Library/PrivateFrameworks/RenderBox.framework/Versions/A/RenderBox
0x00000001ac51e000 	/System/Library/PrivateFrameworks/CoreSVG.framework/Versions/A/CoreSVG
0x00000001b1b50000 	/System/Library/PrivateFrameworks/TextureIO.framework/Versions/A/TextureIO
0x00000001cc118000 	/usr/lib/swift/libswiftCoreImage.dylib
0x00000001b0dc4000 	/System/Library/PrivateFrameworks/GraphVisualizer.framework/Versions/A/GraphVisualizer
0x0000000261660000 	/System/Library/PrivateFrameworks/FontServices.framework/Versions/A/FontServices
0x00000001b0dd4000 	/System/Library/PrivateFrameworks/OTSVG.framework/Versions/A/OTSVG
0x00000001a989e000 	/System/Library/Frameworks/ApplicationServices.framework/Versions/A/Frameworks/ATS.framework/Versions/A/Resources/libFontRegistry.dylib
0x000000029dc09000 	/usr/lib/libhvf.dylib
0x000000027aec8000 	/System/Library/PrivateFrameworks/ParsingInternal.framework/Versions/A/ParsingInternal
0x0000000261664000 	/System/Library/PrivateFrameworks/FontServices.framework/libXTFontStaticRegistryData.dylib
0x00000001acda3000 	/System/Library/Frameworks/MetalPerformanceShaders.framework/Versions/A/Frameworks/MPSCore.framework/Versions/A/MPSCore
0x00000001aead8000 	/System/Library/Frameworks/MetalPerformanceShaders.framework/Versions/A/Frameworks/MPSImage.framework/Versions/A/MPSImage
0x00000001ae4a9000 	/System/Library/Frameworks/MetalPerformanceShaders.framework/Versions/A/Frameworks/MPSNeuralNetwork.framework/Versions/A/MPSNeuralNetwork
0x00000001ae8e1000 	/System/Library/Frameworks/MetalPerformanceShaders.framework/Versions/A/Frameworks/MPSMatrix.framework/Versions/A/MPSMatrix
0x00000001ae6f6000 	/System/Library/Frameworks/MetalPerformanceShaders.framework/Versions/A/Frameworks/MPSRayIntersector.framework/Versions/A/MPSRayIntersector
0x00000001ae913000 	/System/Library/Frameworks/MetalPerformanceShaders.framework/Versions/A/Frameworks/MPSNDArray.framework/Versions/A/MPSNDArray
0x0000000247a11000 	/System/Library/Frameworks/MetalPerformanceShaders.framework/Versions/A/Frameworks/MPSFunctions.framework/Versions/A/MPSFunctions
0x00000002479f2000 	/System/Library/Frameworks/MetalPerformanceShaders.framework/Versions/A/Frameworks/MPSBenchmarkLoop.framework/Versions/A/MPSBenchmarkLoop
0x0000000247a26000 	/System/Library/Frameworks/MetalPerformanceShaders.framework/Versions/A/Frameworks/MPSHost.framework/Versions/A/MPSHost
0x000000019ff5d000 	/System/Library/PrivateFrameworks/MetalTools.framework/Versions/A/MetalTools
0x00000001d122a000 	/System/Library/PrivateFrameworks/IOAccelMemoryInfo.framework/Versions/A/IOAccelMemoryInfo
0x00000001df430000 	/System/Library/PrivateFrameworks/kperf.framework/Versions/A/kperf
0x00000001cc09b000 	/System/Library/PrivateFrameworks/GPURawCounter.framework/Versions/A/GPURawCounter
0x00000001bd38a000 	/System/Library/PrivateFrameworks/ASEProcessing.framework/Versions/A/ASEProcessing
0x000000027e090000 	/System/Library/PrivateFrameworks/PhotosensitivityProcessing.framework/Versions/A/PhotosensitivityProcessing
0x00000002811fe000 	/System/Library/PrivateFrameworks/SILManager.framework/Versions/A/SILManager
0x000000028f04c000 	/System/Library/PrivateFrameworks/Tightbeam.framework/Versions/A/Tightbeam
0x00000001d9d2e000 	/usr/lib/swift/libswiftCompression.dylib
0x00000001e400a000 	/System/Library/PrivateFrameworks/AFKUser.framework/Versions/A/AFKUser
0x00000001b1a94000 	/System/Library/Frameworks/ApplicationServices.framework/Versions/A/Frameworks/ATSUI.framework/Versions/A/ATSUI
0x00000001b3187000 	/System/Library/Frameworks/AudioToolbox.framework/Versions/A/AudioToolbox
0x00000001a21d0000 	/System/Library/PrivateFrameworks/AudioToolboxCore.framework/Versions/A/AudioToolboxCore
0x00000001b3362000 	/System/Library/PrivateFrameworks/AudioSession.framework/Versions/A/AudioSession
0x00000001be5d6000 	/System/Library/Frameworks/CoreMIDI.framework/Versions/A/CoreMIDI
0x00000001b33e1000 	/usr/lib/libAudioStatistics.dylib
0x00000001abd47000 	/System/Library/PrivateFrameworks/caulk.framework/Versions/A/caulk
0x00000001a27c8000 	/System/Library/Frameworks/CoreAudio.framework/Versions/A/CoreAudio
0x00000001b1986000 	/usr/lib/libAudioToolboxUtility.dylib
0x00000001d2850000 	/usr/lib/swift/libswiftCoreMIDI.dylib
0x00000001b37f3000 	/System/Library/PrivateFrameworks/perfdata.framework/Versions/A/perfdata
0x00000001cb0b9000 	/System/Library/PrivateFrameworks/SystemPolicy.framework/Versions/A/SystemPolicy
0x00000001b3698000 	/usr/lib/libSMC.dylib
0x00000001b3801000 	/usr/lib/libperfcheck.dylib
0x00000002556cd000 	/System/Library/PrivateFrameworks/AudioAnalytics.framework/Versions/A/AudioAnalytics
0x000000029eb4c000 	/usr/lib/swift/libswift_DarwinFoundation2.dylib
0x000000029eb4d000 	/usr/lib/swift/libswift_DarwinFoundation3.dylib
0x00000001f162f000 	/System/Library/Frameworks/OSLog.framework/Versions/A/OSLog
0x00000001cc044000 	/usr/lib/libmis.dylib
0x00000001b9bff000 	/System/Library/PrivateFrameworks/CoreTime.framework/Versions/A/CoreTime
0x00000001b0cd5000 	/System/Library/PrivateFrameworks/MediaExperience.framework/Versions/A/MediaExperience
0x00000001b3130000 	/System/Library/PrivateFrameworks/AudioSession.framework/libSessionUtility.dylib
0x00000001b1ac8000 	/System/Library/PrivateFrameworks/CMCaptureCore.framework/Versions/A/CMCaptureCore
0x00000001b0e22000 	/usr/lib/libspindump.dylib
0x00000001ae183000 	/System/Library/PrivateFrameworks/CoreUtils.framework/Versions/A/CoreUtils
0x00000001c3ff9000 	/System/Library/PrivateFrameworks/HID.framework/Versions/A/HID
0x000000025e94a000 	/System/Library/PrivateFrameworks/CoreUtilsExtras.framework/Versions/A/CoreUtilsExtras
0x000000026d4c2000 	/System/Library/PrivateFrameworks/IO80211.framework/Versions/A/IO80211
0x00000001b50b2000 	/System/Library/Frameworks/IOBluetooth.framework/Versions/A/IOBluetooth
0x00000002552bb000 	/System/Library/PrivateFrameworks/ArgumentParserInternal.framework/Versions/A/ArgumentParserInternal
0x00000001b0931000 	/usr/lib/libIOReport.dylib
0x00000001ae326000 	/System/Library/Frameworks/SecurityFoundation.framework/Versions/A/SecurityFoundation
0x00000001a0921000 	/System/Library/PrivateFrameworks/Lexicon.framework/Versions/A/Lexicon
0x00000001b9603000 	/System/Library/PrivateFrameworks/FrontBoardServices.framework/Versions/A/FrontBoardServices
0x00000001ae491000 	/usr/lib/libgermantok.dylib
0x00000001acf8f000 	/System/Library/PrivateFrameworks/LinguisticData.framework/Versions/A/LinguisticData
0x00000001b97af000 	/System/Library/PrivateFrameworks/GraphicsServices.framework/Versions/A/GraphicsServices
0x00000001b8881000 	/System/Library/PrivateFrameworks/MediaKit.framework/Versions/A/MediaKit
0x00000001b87cc000 	/System/Library/Frameworks/DiscRecording.framework/Versions/A/DiscRecording
0x00000001b0bad000 	/usr/lib/libheimdal-asn1.dylib
0x00000001bc1a8000 	/System/Library/Frameworks/AudioUnit.framework/Versions/A/AudioUnit
0x00000001a9bbd000 	/System/Library/Frameworks/OpenDirectory.framework/Versions/A/OpenDirectory
0x00000001a9bcb000 	/System/Library/Frameworks/OpenDirectory.framework/Versions/A/Frameworks/CFOpenDirectory.framework/Versions/A/CFOpenDirectory
0x0000000243dec000 	/System/Library/Frameworks/AVFAudio.framework/Versions/A/AVFAudio
0x00000001c4fca000 	/usr/lib/libAccessibility.dylib
0x0000000271212000 	/System/Library/PrivateFrameworks/IsolatedCoreAudioClient.framework/Versions/A/IsolatedCoreAudioClient
0x000000025a848000 	/System/Library/PrivateFrameworks/CoreAudioOrchestration.framework/Versions/A/CoreAudioOrchestration
0x00000001b791b000 	/System/Library/Frameworks/MediaAccessibility.framework/Versions/A/MediaAccessibility
0x000000029326b000 	/System/Library/PrivateFrameworks/VideoToolboxParavirtualizationSupport.framework/Versions/A/VideoToolboxParavirtualizationSupport
0x00000001b0b49000 	/System/Library/PrivateFrameworks/AppleVA.framework/Versions/A/AppleVA
0x00000001b1a5a000 	/System/Library/PrivateFrameworks/GPUWrangler.framework/Versions/A/GPUWrangler
0x00000001b1a3a000 	/System/Library/PrivateFrameworks/IOPresentment.framework/Versions/A/IOPresentment
0x00000001b1a62000 	/System/Library/PrivateFrameworks/DSExternalDisplay.framework/Versions/A/DSExternalDisplay
0x0000000255112000 	/System/Library/PrivateFrameworks/AppleMobileFileIntegrity.framework/Versions/A/AppleMobileFileIntegrity
0x000000029d786000 	/usr/lib/libTLE.dylib
0x0000000202935000 	/System/Library/PrivateFrameworks/ConfigProfileHelper.framework/Versions/A/ConfigProfileHelper
0x00000001f7742000 	/usr/lib/libedit.3.dylib
0x00000001d11ed000 	/usr/lib/libncurses.5.4.dylib
0x0000000257bf9000 	/System/Library/PrivateFrameworks/CascadeSets.framework/Versions/A/CascadeSets
0x00000001ae0b8000 	/System/Library/PrivateFrameworks/CoreEmoji.framework/Versions/A/CoreEmoji
0x00000001a0c3d000 	/usr/lib/libCRFSuite.dylib
0x00000001ace6d000 	/System/Library/PrivateFrameworks/CoreNLP.framework/Versions/A/CoreNLP
0x00000001ae430000 	/usr/lib/libmecab.dylib
0x00000001af33d000 	/usr/lib/libThaiTokenizer.dylib
0x00000001b1ef8000 	/System/Library/PrivateFrameworks/DataDetectorsCore.framework/Versions/A/DataDetectorsCore
0x00000002456ce000 	/System/Library/Frameworks/DataDetection.framework/Versions/A/DataDetection
0x00000001cfdee000 	/System/Library/PrivateFrameworks/TextInput.framework/Versions/A/TextInput
0x0000000245192000 	/System/Library/Frameworks/CoreTransferable.framework/Versions/A/CoreTransferable
0x00000001b37d8000 	/System/Library/PrivateFrameworks/NetAuth.framework/Versions/A/NetAuth
0x00000001a9ddc000 	/System/Library/PrivateFrameworks/login.framework/Versions/A/Frameworks/loginsupport.framework/Versions/A/loginsupport
0x00000001a527d000 	/System/Library/PrivateFrameworks/UIFoundation.framework/Versions/A/UIFoundation
0x00000001b0e29000 	/System/Library/PrivateFrameworks/Heimdal.framework/Versions/A/Heimdal
0x00000001b3470000 	/usr/lib/libresolv.9.dylib
0x00000001b3873000 	/System/Library/PrivateFrameworks/CommonAuth.framework/Versions/A/CommonAuth
0x00000001ae3fa000 	/usr/lib/libCheckFix.dylib
0x00000001a8f49000 	/System/Library/PrivateFrameworks/MetadataUtilities.framework/Versions/A/MetadataUtilities
0x000000026df8a000 	/System/Library/PrivateFrameworks/InstalledContentLibrary.framework/Versions/A/InstalledContentLibrary
0x00000001a39b7000 	/System/Library/PrivateFrameworks/CoreServicesStore.framework/Versions/A/CoreServicesStore
0x00000001a9c22000 	/usr/lib/libapp_launch_measurement.dylib
0x00000001df537000 	/System/Library/PrivateFrameworks/MobileSystemServices.framework/Versions/A/MobileSystemServices
0x00000001b07f2000 	/usr/lib/libxslt.1.dylib
0x00000001ae3b9000 	/System/Library/PrivateFrameworks/BackgroundTaskManagement.framework/Versions/A/BackgroundTaskManagement
0x00000001bb851000 	/usr/lib/libcurl.4.dylib
0x000000029d9bf000 	/usr/lib/libcrypto.46.dylib
0x000000029e5df000 	/usr/lib/libssl.48.dylib
0x00000001bb527000 	/System/Library/Frameworks/LDAP.framework/Versions/A/LDAP
0x00000001b380f000 	/System/Library/Frameworks/Kerberos.framework/Versions/A/Kerberos
0x00000001bb563000 	/System/Library/PrivateFrameworks/TrustEvaluationAgent.framework/Versions/A/TrustEvaluationAgent
0x00000001b348d000 	/usr/lib/libsasl2.2.dylib
0x00000001bc1a7000 	/System/Library/Frameworks/Kerberos.framework/Versions/A/Libraries/libHeimdalProxy.dylib
0x000000027e473000 	/System/Library/PrivateFrameworks/PoirotSQLite.framework/Versions/A/PoirotSQLite
0x00000001f1afa000 	/System/Library/PrivateFrameworks/HIDDisplay.framework/Versions/A/HIDDisplay
0x00000001b3779000 	/usr/lib/libcups.2.dylib
0x00000001c4ec5000 	/System/Library/PrivateFrameworks/AXCoreUtilities.framework/Versions/A/AXCoreUtilities
0x00000001d5013000 	/System/Library/PrivateFrameworks/AttributeGraph.framework/Versions/A/AttributeGraph
0x000000029d19f000 	/usr/lib/libAXSafeCategoryBundle.dylib
0x00000001be7c3000 	/System/Library/Frameworks/Cocoa.framework/Versions/A/Cocoa
0x00000001a3b50000 	/System/Library/Frameworks/AppKit.framework/Versions/C/AppKit
0x0000000258f95000 	/System/Library/PrivateFrameworks/CollectionViewCore.framework/Versions/A/CollectionViewCore
0x00000001ac518000 	/System/Library/PrivateFrameworks/XCTTargetBootstrap.framework/Versions/A/XCTTargetBootstrap
0x00000001b1f4a000 	/System/Library/PrivateFrameworks/UserActivity.framework/Versions/A/UserActivity
0x0000000261762000 	/System/Library/PrivateFrameworks/FrontBoard.framework/Versions/A/FrontBoard
0x0000000290fb6000 	/System/Library/PrivateFrameworks/UIIntelligenceSupport.framework/Versions/A/UIIntelligenceSupport
0x000000024de9e000 	/System/Library/Frameworks/SwiftUICore.framework/Versions/A/SwiftUICore
0x000000029756a000 	/System/Library/PrivateFrameworks/WritingTools.framework/Versions/A/WritingTools
0x00000002963bb000 	/System/Library/PrivateFrameworks/WindowManagement.framework/Versions/A/WindowManagement
0x000000026149b000 	/System/Library/PrivateFrameworks/FocusEngine.framework/Versions/A/FocusEngine
0x000000025f096000 	/System/Library/PrivateFrameworks/DesignLibrary.framework/Versions/A/DesignLibrary
0x00000001ac503000 	/System/Library/PrivateFrameworks/DFRFoundation.framework/Versions/A/DFRFoundation
0x0000000291bc9000 	/System/Library/PrivateFrameworks/UpdateCycle.framework/Versions/A/UpdateCycle
0x00000001ac1ff000 	/System/Library/Frameworks/Carbon.framework/Versions/A/Frameworks/HIToolbox.framework/Versions/A/HIToolbox
0x00000001b724a000 	/System/Library/Frameworks/Carbon.framework/Versions/A/Frameworks/SpeechRecognition.framework/Versions/A/SpeechRecognition
0x00000001a9bb3000 	/System/Library/PrivateFrameworks/PerformanceAnalysis.framework/Versions/A/PerformanceAnalysis
0x00000001b75d1000 	/System/Library/Frameworks/Accessibility.framework/Versions/A/Accessibility
0x000000024ee13000 	/System/Library/Frameworks/Symbols.framework/Versions/A/Symbols
0x000000026a6db000 	/System/Library/PrivateFrameworks/Gestures.framework/Versions/A/Gestures
0x00000001c8f65000 	/usr/lib/swift/libswiftCoreGraphics.dylib
0x00000001b8017000 	/usr/lib/swift/libswiftFoundation.dylib
0x00000002022f1000 	/usr/lib/swift/libswiftSwiftOnoneSupport.dylib
0x000000029ecbe000 	/usr/lib/swift/libswiftsys_time.dylib
0x00000001ed8be000 	/System/Library/PrivateFrameworks/CoreMaterial.framework/Versions/A/CoreMaterial
0x000000029ea04000 	/usr/lib/swift/libswiftSpatial.dylib
0x000000029d783000 	/usr/lib/libSpatial.dylib
0x000000029d0bd000 	/System/Library/SubFrameworks/UIUtilities.framework/Versions/A/UIUtilities
0x0000000110284000 	/Library/Java/JavaVirtualMachines/temurin-25.jdk/Contents/Home/lib/server/libjvm.dylib
0x0000000102c14000 	/Library/Java/JavaVirtualMachines/temurin-25.jdk/Contents/Home/lib/libjimage.dylib
0x0000000102c98000 	/Library/Java/JavaVirtualMachines/temurin-25.jdk/Contents/Home/lib/libjava.dylib
0x0000000102f30000 	/Library/Java/JavaVirtualMachines/temurin-25.jdk/Contents/Home/lib/libnio.dylib
0x0000000102f50000 	/Library/Java/JavaVirtualMachines/temurin-25.jdk/Contents/Home/lib/libnet.dylib
0x0000000102f94000 	/Library/Java/JavaVirtualMachines/temurin-25.jdk/Contents/Home/lib/libzip.dylib
0x0000000107adc000 	/private/var/folders/p7/vhv4lqg12pj2spxrn1n67ks00000gn/T/lwjgl_matthew/3.4.1+2/arm64/liblwjgl.dylib
0x0000000107a90000 	/private/var/folders/p7/vhv4lqg12pj2spxrn1n67ks00000gn/T/lwjgl_matthew/3.4.1+2/arm64/libglfw.dylib
0x00000002440bc000 	/System/Library/Frameworks/AppIntents.framework/Versions/A/AppIntents
0x000000024d5a7000 	/System/Library/Frameworks/RelevanceKit.framework/Versions/A/RelevanceKit
0x00000001aef82000 	/System/Library/Frameworks/CoreSpotlight.framework/Versions/A/CoreSpotlight
0x00000002722a5000 	/System/Library/PrivateFrameworks/LinkServices.framework/Versions/A/LinkServices
0x000000025fa68000 	/System/Library/PrivateFrameworks/DoNotDisturb.framework/Versions/A/DoNotDisturb
0x0000000272100000 	/System/Library/PrivateFrameworks/LinkMetadata.framework/Versions/A/LinkMetadata
0x00000001cc0c6000 	/usr/lib/swift/libswiftIntents.dylib
0x00000001d1347000 	/System/Library/PrivateFrameworks/IntentsCore.framework/Versions/A/IntentsCore
0x0000000255ba7000 	/System/Library/PrivateFrameworks/AvailabilityKit.framework/Versions/A/AvailabilityKit
0x0000000252ee9000 	/System/Library/PrivateFrameworks/AppIntentSchemas.framework/Versions/A/AppIntentSchemas
0x00000002673b7000 	/System/Library/PrivateFrameworks/GRDBInternal.framework/Versions/A/GRDBInternal
0x000000028b224000 	/System/Library/PrivateFrameworks/StatusKit.framework/Versions/A/StatusKit
0x00000001b8bb0000 	/System/Library/PrivateFrameworks/GenerationalStorage.framework/Versions/A/GenerationalStorage
0x00000001b89d8000 	/System/Library/Frameworks/FileProvider.framework/Versions/A/FileProvider
0x00000001a544f000 	/System/Library/PrivateFrameworks/DesktopServicesPriv.framework/Versions/A/DesktopServicesPriv
0x00000001a77b3000 	/System/Library/Frameworks/Accounts.framework/Versions/A/Accounts
0x00000001cbb32000 	/System/Library/PrivateFrameworks/FTServices.framework/Versions/A/FTServices
0x00000001c3fb7000 	/System/Library/PrivateFrameworks/CloudServices.framework/Versions/A/CloudServices
0x00000001bb071000 	/System/Library/PrivateFrameworks/CoreWiFi.framework/Versions/A/CoreWiFi
0x00000001ab782000 	/System/Library/Frameworks/CoreLocation.framework/Versions/A/CoreLocation
0x00000001baa07000 	/System/Library/Frameworks/Intents.framework/Versions/A/Intents
0x000000024fd6e000 	/System/Library/Frameworks/_LocationEssentials.framework/Versions/A/_LocationEssentials
0x00000001b5456000 	/System/Library/PrivateFrameworks/GeoServices.framework/Versions/A/GeoServices
0x00000001b30f7000 	/System/Library/PrivateFrameworks/LocationSupport.framework/Versions/A/LocationSupport
0x000000026a535000 	/System/Library/PrivateFrameworks/GeoServicesCore.framework/Versions/A/GeoServicesCore
0x00000001c4eb9000 	/System/Library/PrivateFrameworks/PhoneNumbers.framework/Versions/A/PhoneNumbers
0x00000001aef31000 	/System/Library/Frameworks/UserNotifications.framework/Versions/A/UserNotifications
0x00000001aebc1000 	/System/Library/PrivateFrameworks/AuthKit.framework/Versions/A/AuthKit
0x00000001b4cbd000 	/System/Library/PrivateFrameworks/Sharing.framework/Versions/A/Sharing
0x00000001b483c000 	/System/Library/PrivateFrameworks/IDSFoundation.framework/Versions/A/IDSFoundation
0x00000001bb070000 	/System/Library/PrivateFrameworks/Apple80211.framework/Versions/A/Apple80211
0x00000001ae100000 	/System/Library/Frameworks/CoreWLAN.framework/Versions/A/CoreWLAN
0x00000001d2831000 	/usr/lib/swift/libswiftCoreLocation.dylib
0x00000001b307e000 	/System/Library/PrivateFrameworks/IMFoundation.framework/Versions/A/IMFoundation
0x00000001c430d000 	/System/Library/PrivateFrameworks/Marco.framework/Versions/A/Marco
0x00000001a783d000 	/System/Library/PrivateFrameworks/CommonUtilities.framework/Versions/A/CommonUtilities
0x00000001c0d88000 	/System/Library/PrivateFrameworks/Engram.framework/Versions/A/Engram
0x000000029e963000 	/usr/lib/swift/libswiftRegexBuilder.dylib
0x00000001c0d26000 	/usr/lib/libtidy.A.dylib
0x00000001b113a000 	/System/Library/PrivateFrameworks/Bom.framework/Versions/A/Bom
0x00000001b34ae000 	/usr/lib/libParallelCompression.dylib
0x00000001f9857000 	/System/Library/PrivateFrameworks/WiFiPeerToPeer.framework/Versions/A/WiFiPeerToPeer
0x0000000257c99000 	/System/Library/PrivateFrameworks/Centauri.framework/Versions/A/Centauri
0x000000029e0f3000 	/usr/lib/libmrc.dylib
0x000000026d52c000 	/System/Library/PrivateFrameworks/IPConfiguration.framework/Versions/A/IPConfiguration
0x00000001ed880000 	/System/Library/PrivateFrameworks/Netrb.framework/Versions/A/Netrb
0x00000001b34a0000 	/System/Library/PrivateFrameworks/MultiverseSupport.framework/Versions/A/MultiverseSupport
0x00000001b88b3000 	/System/Library/PrivateFrameworks/DiskManagement.framework/Versions/A/DiskManagement
0x00000001b87bf000 	/System/Library/PrivateFrameworks/AppleIDAuthSupport.framework/Versions/A/AppleIDAuthSupport
0x000000025064e000 	/System/Library/PrivateFrameworks/AAAFoundation.framework/Versions/A/AAAFoundation
0x00000001b39b2000 	/System/Library/PrivateFrameworks/KeychainCircle.framework/Versions/A/KeychainCircle
0x00000001c4ebb000 	/System/Library/PrivateFrameworks/URLFormatting.framework/Versions/A/URLFormatting
0x00000001bb845000 	/usr/lib/libcsfde.dylib
0x00000001b0adb000 	/usr/lib/libCoreStorage.dylib
0x00000001b5189000 	/System/Library/PrivateFrameworks/ProtectedCloudStorage.framework/Versions/A/ProtectedCloudStorage
0x00000001bb840000 	/System/Library/PrivateFrameworks/EFILogin.framework/Versions/A/EFILogin
0x00000001b8bd7000 	/System/Library/PrivateFrameworks/OctagonTrust.framework/Versions/A/OctagonTrust
0x00000001b465b000 	/System/Library/PrivateFrameworks/IDS.framework/Versions/A/IDS
0x00000001f4512000 	/System/Library/Frameworks/CryptoKit.framework/Versions/A/CryptoKit
0x00000001bc1a3000 	/System/Library/PrivateFrameworks/CryptoKitCBridging.framework/Versions/A/CryptoKitCBridging
0x00000001b97c1000 	/System/Library/Frameworks/CryptoTokenKit.framework/Versions/A/CryptoTokenKit
0x00000001da75a000 	/System/Library/PrivateFrameworks/FTAWD.framework/Versions/A/FTAWD
0x00000001a3af4000 	/usr/lib/libsandbox.1.dylib
0x00000001b0ad3000 	/usr/lib/libMatch.1.dylib
0x0000000272683000 	/System/Library/PrivateFrameworks/LocationLogEncryption.framework/Versions/A/LocationLogEncryption
0x00000001bc266000 	/System/Library/PrivateFrameworks/IntentsFoundation.framework/Versions/A/IntentsFoundation
0x00000001a9a7a000 	/System/Library/PrivateFrameworks/ViewBridge.framework/Versions/A/ViewBridge
0x000000024fc78000 	/System/Library/Frameworks/_AppIntents_AppKit.framework/Versions/A/_AppIntents_AppKit
0x000000029d1a3000 	/usr/lib/libAccessibilityBaseImplementations.dylib
0x0000000107e40000 	/usr/lib/libobjc-trampolines.dylib
0x000000029756f000 	/System/Library/PrivateFrameworks/WritingToolsUI.framework/Versions/A/WritingToolsUI
0x0000000269f17000 	/System/Library/PrivateFrameworks/GenerativeAssistantSettings.framework/Versions/A/GenerativeAssistantSettings
0x000000028cfca000 	/System/Library/PrivateFrameworks/TextComposer.framework/Versions/A/TextComposer
0x0000000269eed000 	/System/Library/PrivateFrameworks/GenerativeAssistantCommon.framework/Versions/A/GenerativeAssistantCommon
0x00000001d38cc000 	/System/Library/Frameworks/SwiftUI.framework/Versions/A/SwiftUI
0x000000024fcb7000 	/System/Library/Frameworks/_AuthenticationServices_SwiftUI.framework/Versions/A/_AuthenticationServices_SwiftUI
0x0000000252c1e000 	/System/Library/PrivateFrameworks/Anvil.framework/Versions/A/Anvil
0x00000001d2e79000 	/System/Library/PrivateFrameworks/AppStoreDaemon.framework/Versions/A/AppStoreDaemon
0x00000001be819000 	/System/Library/PrivateFrameworks/AppleMediaServices.framework/Versions/A/AppleMediaServices
0x000000026a3c0000 	/System/Library/PrivateFrameworks/GenerativePartnerServiceUI.framework/Versions/A/GenerativePartnerServiceUI
0x000000020185b000 	/System/Library/PrivateFrameworks/JetEngine.framework/Versions/A/JetEngine
0x000000026a39d000 	/System/Library/PrivateFrameworks/GenerativePartnerService.framework/Versions/A/GenerativePartnerService
0x00000001cbcc8000 	/System/Library/Frameworks/SafariServices.framework/Versions/A/SafariServices
0x00000001c9045000 	/System/Library/Frameworks/WebKit.framework/Versions/A/WebKit
0x00000001cf211000 	/System/Library/PrivateFrameworks/AppleMediaServicesUI.framework/Versions/A/AppleMediaServicesUI
0x00000001cc9a9000 	/System/Library/PrivateFrameworks/OnBoardingKit.framework/Versions/A/OnBoardingKit
0x0000000282bc4000 	/System/Library/PrivateFrameworks/Settings.framework/Versions/A/Settings
0x000000024595e000 	/System/Library/Frameworks/ExtensionKit.framework/Versions/A/ExtensionKit
0x00000002459a2000 	/System/Library/Frameworks/FSKit.framework/Versions/A/FSKit
0x0000000272434000 	/System/Library/PrivateFrameworks/LiveFS.framework/Versions/A/LiveFS
0x000000028cea7000 	/System/Library/PrivateFrameworks/TextAnimationSupport.framework/Versions/A/TextAnimationSupport
0x00000002800ac000 	/System/Library/PrivateFrameworks/RecapPerformanceTesting.framework/Versions/A/RecapPerformanceTesting
0x00000001cc999000 	/System/Library/PrivateFrameworks/SignpostCollection.framework/Versions/A/SignpostCollection
0x00000001be1aa000 	/System/Library/Frameworks/WebKit.framework/Versions/A/Frameworks/WebKitLegacy.framework/Versions/A/WebKitLegacy
0x00000001caa8a000 	/System/Library/Frameworks/Carbon.framework/Versions/A/Carbon
0x00000001bbf86000 	/System/Library/PrivateFrameworks/CorePrediction.framework/Versions/A/CorePrediction
0x00000001aab6b000 	/System/Library/Frameworks/WebKit.framework/Versions/A/Frameworks/WebCore.framework/Versions/A/Frameworks/libwebrtc.dylib
0x00000001c8fcf000 	/System/Library/PrivateFrameworks/SafariSafeBrowsing.framework/Versions/A/SafariSafeBrowsing
0x00000001b3516000 	/System/Library/Frameworks/SecurityInterface.framework/Versions/A/SecurityInterface
0x00000001cc9a8000 	/System/Library/PrivateFrameworks/WebInspectorUI.framework/Versions/A/WebInspectorUI
0x00000001c0dc8000 	/System/Library/Frameworks/JavaScriptCore.framework/Versions/A/JavaScriptCore
0x00000001c5000000 	/System/Library/Frameworks/WebKit.framework/Versions/A/Frameworks/WebCore.framework/Versions/A/WebCore
0x00000001c0dc1000 	/System/Library/Frameworks/Carbon.framework/Versions/A/Frameworks/CommonPanels.framework/Versions/A/CommonPanels
0x00000001bb83c000 	/System/Library/Frameworks/Carbon.framework/Versions/A/Frameworks/Help.framework/Versions/A/Help
0x00000001c0dc5000 	/System/Library/Frameworks/Carbon.framework/Versions/A/Frameworks/ImageCapture.framework/Versions/A/ImageCapture
0x00000001c0da0000 	/System/Library/Frameworks/Carbon.framework/Versions/A/Frameworks/OpenScripting.framework/Versions/A/OpenScripting
0x00000001c0dc0000 	/System/Library/Frameworks/Carbon.framework/Versions/A/Frameworks/Ink.framework/Versions/A/Ink
0x00000001c0dbd000 	/System/Library/Frameworks/Carbon.framework/Versions/A/Frameworks/SecurityHI.framework/Versions/A/SecurityHI
0x000000029d5e1000 	/usr/lib/libInterpreterSecurity.dylib
0x00000001e1170000 	/System/Library/PrivateFrameworks/XprotectFramework.framework/Versions/A/XprotectFramework
0x00000001c430e000 	/System/Library/PrivateFrameworks/yara.framework/Versions/A/yara
0x000000029d55d000 	/usr/lib/libEndpointSecuritySystem.dylib
0x0000000244b30000 	/System/Library/Frameworks/BrowserEngineCore.framework/Versions/A/BrowserEngineCore
0x000000024f835000 	/System/Library/Frameworks/WebKit.framework/Versions/A/Frameworks/WebCore.framework/Versions/A/Frameworks/libANGLE-shared.dylib
0x0000000295e11000 	/System/Library/PrivateFrameworks/WebGPU.framework/Versions/A/WebGPU
0x00000001ce884000 	/System/Library/Frameworks/SceneKit.framework/Versions/A/SceneKit
0x00000001dfd90000 	/System/Library/Frameworks/ModelIO.framework/Versions/A/ModelIO
0x00000001b5280000 	/System/Library/Frameworks/MetalKit.framework/Versions/A/MetalKit
0x00000001b7554000 	/System/Library/Frameworks/GLKit.framework/Versions/A/GLKit
0x000000029effe000 	/usr/lib/usd/libusd_ms.dylib
0x0000000291277000 	/System/Library/PrivateFrameworks/USDLib_FormatLoaderProxy.framework/Versions/A/USDLib_FormatLoaderProxy
0x000000029ecb9000 	/usr/lib/swift/libswift_errno.dylib
0x00000001cbb13000 	/System/Library/PrivateFrameworks/CoreOptimization.framework/Versions/A/CoreOptimization
0x0000000255a5f000 	/System/Library/PrivateFrameworks/AuthenticationServicesCore.framework/Versions/A/AuthenticationServicesCore
0x00000001d6270000 	/System/Library/Frameworks/AuthenticationServices.framework/Versions/A/AuthenticationServices
0x00000001b0a6d000 	/System/Library/PrivateFrameworks/SharedWebCredentials.framework/Versions/A/SharedWebCredentials
0x00000001cd837000 	/System/Library/PrivateFrameworks/SafariCore.framework/Versions/A/SafariCore
0x00000001d5d94000 	/System/Library/PrivateFrameworks/SafariFoundation.framework/Versions/A/SafariFoundation
0x00000001b82d7000 	/System/Library/Frameworks/Contacts.framework/Versions/A/Contacts
0x0000000256cb0000 	/System/Library/PrivateFrameworks/CBORLibrary.framework/Versions/A/CBORLibrary
0x0000000257cd8000 	/System/Library/PrivateFrameworks/Chirp.framework/Versions/A/Chirp
0x00000002588d5000 	/System/Library/PrivateFrameworks/CloudSubscriptionFeatures.framework/Versions/A/CloudSubscriptionFeatures
0x00000001b8018000 	/System/Library/PrivateFrameworks/ContactsFoundation.framework/Versions/A/ContactsFoundation
0x0000000202c65000 	/System/Library/PrivateFrameworks/RemoteManagement.framework/Versions/A/RemoteManagement
0x000000028043a000 	/System/Library/PrivateFrameworks/RemoteManagementModel.framework/Versions/A/RemoteManagementModel
0x00000002804cb000 	/System/Library/PrivateFrameworks/RemoteManagementStore.framework/Versions/A/RemoteManagementStore
0x00000001b529e000 	/usr/lib/libxcselect.dylib
0x00000001d5d02000 	/System/Library/PrivateFrameworks/DifferentialPrivacy.framework/Versions/A/DifferentialPrivacy
0x0000000274f0f000 	/System/Library/PrivateFrameworks/ManagedSettingsObjC.framework/Versions/A/ManagedSettingsObjC
0x0000000272688000 	/System/Library/PrivateFrameworks/LockdownMode.framework/Versions/A/LockdownMode
0x0000000291ebf000 	/System/Library/PrivateFrameworks/VDAF.framework/Versions/A/VDAF
0x00000001b80f0000 	/System/Library/PrivateFrameworks/ContactsPersistence.framework/Versions/A/ContactsPersistence
0x00000001b724e000 	/System/Library/PrivateFrameworks/AppleLDAP.framework/Versions/A/AppleLDAP
0x00000001bbbf7000 	/System/Library/Frameworks/ClassKit.framework/Versions/A/ClassKit
0x00000001bdea8000 	/System/Library/PrivateFrameworks/CoreSuggestions.framework/Versions/A/CoreSuggestions
0x00000001b976f000 	/System/Library/PrivateFrameworks/vCard.framework/Versions/A/vCard
0x000000025955f000 	/System/Library/PrivateFrameworks/ContactsMetrics.framework/Versions/A/ContactsMetrics
0x00000001b0eea000 	/System/Library/PrivateFrameworks/login.framework/Versions/A/login
0x0000000274f09000 	/System/Library/PrivateFrameworks/ManagedOrganizationContacts.framework/Versions/A/ManagedOrganizationContacts
0x00000001aa260000 	/System/Library/PrivateFrameworks/CloudDocs.framework/Versions/A/CloudDocs
0x00000001c487b000 	/System/Library/PrivateFrameworks/ProactiveEventTracker.framework/Versions/A/ProactiveEventTracker
0x00000001b3550000 	/System/Library/PrivateFrameworks/CoreFollowUp.framework/Versions/A/CoreFollowUp
0x00000001bd3c6000 	/System/Library/PrivateFrameworks/ConfigurationProfiles.framework/Versions/A/ConfigurationProfiles
0x000000025ebce000 	/System/Library/PrivateFrameworks/DMCUtilities.framework/Versions/A/DMCUtilities
0x0000000272709000 	/System/Library/PrivateFrameworks/MDMClientLibrary.framework/Versions/A/MDMClientLibrary
0x00000002804bf000 	/System/Library/PrivateFrameworks/RemoteManagementProtocol.framework/Versions/A/RemoteManagementProtocol
0x00000001b7933000 	/System/Library/PrivateFrameworks/SystemAdministration.framework/Versions/A/SystemAdministration
0x00000001c27fb000 	/System/Library/PrivateFrameworks/PowerlogControl.framework/Versions/A/PowerlogControl
0x00000001c27fd000 	/usr/lib/libUniversalAccess.dylib
0x00000001bf2a0000 	/System/Library/PrivateFrameworks/FamilyControls.framework/Versions/A/FamilyControls
0x00000001b7223000 	/System/Library/Frameworks/DirectoryService.framework/Versions/A/DirectoryService
0x00000001bb8d3000 	/System/Library/PrivateFrameworks/LoginUIKit.framework/Versions/A/Frameworks/LoginUICore.framework/Versions/A/LoginUICore
0x00000001b1138000 	/usr/lib/libodfde.dylib
0x00000001bf29a000 	/System/Library/PrivateFrameworks/UniversalAccess.framework/Versions/A/Libraries/libUAPreferences.dylib
0x00000001bf2c4000 	/System/Library/PrivateFrameworks/CommerceKit.framework/Versions/A/Frameworks/CommerceCore.framework/Versions/A/CommerceCore
0x000000025eb3a000 	/System/Library/PrivateFrameworks/DEPClientLibrary.framework/Versions/A/DEPClientLibrary
0x000000025eb63000 	/System/Library/PrivateFrameworks/DMCEnrollmentLibrary.framework/Versions/A/DMCEnrollmentLibrary
0x00000001c28e4000 	/System/Library/PrivateFrameworks/SetupAssistantFramework.framework/Versions/A/SetupAssistantFramework
0x00000001bbfde000 	/System/Library/PrivateFrameworks/AuthKitUI.framework/Versions/A/AuthKitUI
0x00000001bb91d000 	/System/Library/PrivateFrameworks/AppSSO.framework/Versions/A/AppSSO
0x00000001d2bd5000 	/System/Library/PrivateFrameworks/LocalAuthenticationUI.framework/Versions/A/LocalAuthenticationUI
0x000000027e0ec000 	/System/Library/PrivateFrameworks/PlatformSSO.framework/Versions/A/PlatformSSO
0x000000027e1da000 	/System/Library/PrivateFrameworks/PlatformSSOCore.framework/Versions/A/PlatformSSOCore
0x0000000246c16000 	/System/Library/Frameworks/LocalAuthenticationEmbeddedUI.framework/Versions/A/LocalAuthenticationEmbeddedUI
0x00000001d3691000 	/System/Library/PrivateFrameworks/AOSUI.framework/Versions/A/AOSUI
0x00000001c4643000 	/System/Library/Frameworks/ContactsUI.framework/Versions/A/ContactsUI
0x00000001b8568000 	/System/Library/PrivateFrameworks/FamilyCircle.framework/Versions/A/FamilyCircle
0x00000001e155a000 	/System/Library/Frameworks/LinkPresentation.framework/Versions/A/LinkPresentation
0x00000001c41f4000 	/System/Library/PrivateFrameworks/IASUtilities.framework/Versions/A/IASUtilities
0x000000026d3f5000 	/System/Library/PrivateFrameworks/IASUtilitiesCore.framework/Versions/A/IASUtilitiesCore
0x0000000280535000 	/System/Library/PrivateFrameworks/RemoteUI.framework/Versions/A/RemoteUI
0x0000000271a97000 	/System/Library/PrivateFrameworks/LiftUI.framework/Versions/A/LiftUI
0x0000000297b7d000 	/System/Library/PrivateFrameworks/_IconServices_SwiftUI.framework/Versions/A/_IconServices_SwiftUI
0x0000000258814000 	/System/Library/PrivateFrameworks/CloudSettings.framework/Versions/A/CloudSettings
0x00000001bdf79000 	/System/Library/Frameworks/EventKit.framework/Versions/A/EventKit
0x00000001ccbbd000 	/System/Library/PrivateFrameworks/SearchFoundation.framework/Versions/A/SearchFoundation
0x00000001e3625000 	/System/Library/PrivateFrameworks/Email.framework/Versions/A/Email
0x00000001cb715000 	/System/Library/PrivateFrameworks/CoreRoutine.framework/Versions/A/CoreRoutine
0x00000002025d2000 	/System/Library/PrivateFrameworks/VoiceShortcutClient.framework/Versions/A/VoiceShortcutClient
0x00000001db2f5000 	/System/Library/PrivateFrameworks/Categories.framework/Versions/A/Categories
0x00000001d3540000 	/System/Library/PrivateFrameworks/ChronoServices.framework/Versions/A/ChronoServices
0x0000000257759000 	/System/Library/PrivateFrameworks/CalendarDatabase.framework/Versions/A/CalendarDatabase
0x00000002576a2000 	/System/Library/PrivateFrameworks/CalendarDaemon.framework/Versions/A/CalendarDaemon
0x00000001bd2e9000 	/System/Library/PrivateFrameworks/CalendarFoundation.framework/Versions/A/CalendarFoundation
0x00000001bd2a5000 	/System/Library/PrivateFrameworks/iCalendar.framework/Versions/A/iCalendar
0x000000025edcd000 	/System/Library/PrivateFrameworks/DataAccessExpress.framework/Versions/A/DataAccessExpress
0x00000001c47a5000 	/System/Library/PrivateFrameworks/ContactsAutocomplete.framework/Versions/A/ContactsAutocomplete
0x00000001d348d000 	/System/Library/PrivateFrameworks/FTClientServices.framework/Versions/A/FTClientServices
0x000000027a533000 	/System/Library/PrivateFrameworks/OSEligibility.framework/Versions/A/OSEligibility
0x000000028b7ff000 	/System/Library/PrivateFrameworks/StorageContainersPrivate.framework/Versions/A/StorageContainersPrivate
0x000000029e914000 	/usr/lib/swift/libswiftCoreMediaIO.dylib
0x00000001c407e000 	/System/Library/PrivateFrameworks/CoreDAV.framework/Versions/A/CoreDAV
0x00000001bde49000 	/System/Library/PrivateFrameworks/CalDAV.framework/Versions/A/CalDAV
0x00000001c8ccb000 	/System/Library/PrivateFrameworks/TelephonyUtilities.framework/Versions/A/TelephonyUtilities
0x0000000246bd3000 	/System/Library/Frameworks/LiveCommunicationKit.framework/Versions/A/LiveCommunicationKit
0x0000000259111000 	/System/Library/PrivateFrameworks/CommunicationTrust.framework/Versions/A/CommunicationTrust
0x00000001cd649000 	/System/Library/Frameworks/CallKit.framework/Versions/A/CallKit
0x00000001b8560000 	/System/Library/PrivateFrameworks/CommunicationsFilter.framework/Versions/A/CommunicationsFilter
0x00000001f787d000 	/System/Library/PrivateFrameworks/IMTransferServices.framework/Versions/A/IMTransferServices
0x00000001cbb2c000 	/System/Library/PrivateFrameworks/IncomingCallFilter.framework/Versions/A/IncomingCallFilter
0x0000000278c82000 	/System/Library/PrivateFrameworks/NeighborhoodActivityConduit.framework/Versions/A/NeighborhoodActivityConduit
0x00000001cfb96000 	/System/Library/PrivateFrameworks/CallHistory.framework/Versions/A/CallHistory
0x000000029d3d0000 	/usr/lib/libBASupport.dylib
0x0000000257b72000 	/System/Library/PrivateFrameworks/CallsUtilities.framework/Versions/A/CallsUtilities
0x0000000257b7d000 	/System/Library/PrivateFrameworks/CallsXPC.framework/Versions/A/CallsXPC
0x0000000202dc6000 	/usr/lib/swift/libswiftCallKit.dylib
0x0000000257b65000 	/System/Library/PrivateFrameworks/CallsPersistence.framework/Versions/A/CallsPersistence
0x000000024d87e000 	/System/Library/Frameworks/SensitiveContentAnalysis.framework/Versions/A/SensitiveContentAnalysis
0x00000001d0bd3000 	/System/Library/PrivateFrameworks/PeopleSuggester.framework/Versions/A/PeopleSuggester
0x00000001da0b2000 	/System/Library/PrivateFrameworks/SpotlightReceiver.framework/Versions/A/SpotlightReceiver
0x0000000297b43000 	/System/Library/PrivateFrameworks/_AppIntentsServices_AppIntents.framework/Versions/A/_AppIntentsServices_AppIntents
0x0000000252f52000 	/System/Library/PrivateFrameworks/AppIntentsServices.framework/Versions/A/AppIntentsServices
0x00000001bd28d000 	/System/Library/PrivateFrameworks/CoreRecents.framework/Versions/A/CoreRecents
0x00000002460a8000 	/System/Library/Frameworks/GeoToolbox.framework/Versions/A/GeoToolbox
0x000000024fd3a000 	/System/Library/Frameworks/_GeoToolbox_AppIntents.framework/Versions/A/_GeoToolbox_AppIntents
0x00000001ed2b3000 	/System/Library/PrivateFrameworks/DiagnosticRequest.framework/Versions/A/DiagnosticRequest
0x0000000297a87000 	/System/Library/PrivateFrameworks/XPCDistributed.framework/Versions/A/XPCDistributed
0x0000000280142000 	/System/Library/PrivateFrameworks/RegulatoryDomain.framework/Versions/A/RegulatoryDomain
0x00000001b762c000 	/usr/lib/libCTGreenTeaLogger.dylib
0x000000027265a000 	/System/Library/PrivateFrameworks/LocalStatusKit.framework/Versions/A/LocalStatusKit
0x00000001c8bb7000 	/System/Library/PrivateFrameworks/CoreParsec.framework/Versions/A/CoreParsec
0x00000001e3619000 	/System/Library/PrivateFrameworks/EmailAddressing.framework/Versions/A/EmailAddressing
0x00000001df5ff000 	/System/Library/PrivateFrameworks/EmailCore.framework/Versions/A/EmailCore
0x00000001e062d000 	/System/Library/PrivateFrameworks/EmailFoundation.framework/Versions/A/EmailFoundation
0x000000027bc74000 	/System/Library/PrivateFrameworks/PegasusAPI.framework/Versions/A/PegasusAPI
0x000000027c7c5000 	/System/Library/PrivateFrameworks/PegasusConfiguration.framework/Versions/A/PegasusConfiguration
0x000000028fae0000 	/System/Library/PrivateFrameworks/ToolKit.framework/Versions/A/ToolKit
0x00000002808ca000 	/System/Library/PrivateFrameworks/ReplicatorEngine.framework/Versions/A/ReplicatorEngine
0x0000000280a6c000 	/System/Library/PrivateFrameworks/ReplicatorServices.framework/Versions/A/ReplicatorServices
0x000000028c79b000 	/System/Library/PrivateFrameworks/SystemWake.framework/Versions/A/SystemWake
0x00000001cd81d000 	/System/Library/PrivateFrameworks/ContextKit.framework/Versions/A/ContextKit
0x00000002596ac000 	/System/Library/PrivateFrameworks/ContextKitCore.framework/Versions/A/ContextKitCore
0x00000001cbdb2000 	/System/Library/Frameworks/LocalAuthentication.framework/Support/DaemonUtils.framework/Versions/A/DaemonUtils
0x00000002725ef000 	/System/Library/PrivateFrameworks/LocalAuthenticationCoreUI.framework/Versions/A/LocalAuthenticationCoreUI
0x00000001cf1d8000 	/System/Library/PrivateFrameworks/BridgeXPC.framework/Versions/A/BridgeXPC
0x00000001cca85000 	/System/Library/PrivateFrameworks/CoreKDL.framework/Versions/A/CoreKDL
0x00000001cb0b2000 	/System/Library/PrivateFrameworks/EmbeddedOSSupportHost.framework/Versions/A/EmbeddedOSSupportHost
0x00000001bfd9f000 	/System/Library/PrivateFrameworks/LoginUIKit.framework/Versions/A/LoginUIKit
0x00000001db7f2000 	/System/Library/PrivateFrameworks/StorageKit.framework/Versions/A/StorageKit
0x00000002045db000 	/System/Library/Frameworks/DeviceCheck.framework/Versions/A/DeviceCheck
0x00000001db86c000 	/System/Library/PrivateFrameworks/CoreWLANKit.framework/Versions/A/CoreWLANKit
0x0000000295199000 	/System/Library/PrivateFrameworks/Wallpaper.framework/Versions/A/Wallpaper
0x000000029e92f000 	/usr/lib/swift/libswiftGLKit.dylib
0x000000029e93a000 	/usr/lib/swift/libswiftMetalKit.dylib
0x000000029e93e000 	/usr/lib/swift/libswiftModelIO.dylib
0x000000029ea01000 	/usr/lib/swift/libswiftSceneKit.dylib
0x000000025f738000 	/System/Library/PrivateFrameworks/DiskImages2.framework/Versions/A/DiskImages2
0x00000001e455b000 	/System/Library/PrivateFrameworks/DynamicDesktop.framework/Versions/A/DynamicDesktop
0x0000000295328000 	/System/Library/PrivateFrameworks/WallpaperFoundation.framework/Versions/A/WallpaperFoundation
0x0000000295386000 	/System/Library/PrivateFrameworks/WallpaperTypes.framework/Versions/A/WallpaperTypes
0x00000001f95da000 	/System/Library/PrivateFrameworks/SystemDesktopAppearance.framework/Versions/A/SystemDesktopAppearance
0x000000029ac37000 	/System/Library/PrivateFrameworks/icloudMCCKit.framework/Versions/A/icloudMCCKit
0x0000000253eac000 	/System/Library/PrivateFrameworks/AppleAccountUI.framework/Versions/A/AppleAccountUI
0x00000001ed88a000 	/System/Library/PrivateFrameworks/PreferencePanesSupport.framework/Versions/A/PreferencePanesSupport
0x00000001d3843000 	/System/Library/PrivateFrameworks/FindMyDeviceUI.framework/Versions/A/FindMyDeviceUI
0x000000029887d000 	/System/Library/PrivateFrameworks/iCloudQuotaUI.framework/Versions/A/iCloudQuotaUI
0x00000001eda3e000 	/System/Library/PrivateFrameworks/CoreCDPUI.framework/Versions/A/CoreCDPUI
0x00000001cd578000 	/System/Library/PrivateFrameworks/CoreFollowUpUI.framework/Versions/A/CoreFollowUpUI
0x00000001da330000 	/System/Library/PrivateFrameworks/IMCore.framework/Versions/A/IMCore
0x00000001c2864000 	/System/Library/PrivateFrameworks/CoreCDP.framework/Versions/A/CoreCDP
0x00000001be804000 	/System/Library/PrivateFrameworks/AskPermission.framework/Versions/A/AskPermission
0x00000001d12b8000 	/System/Library/Frameworks/Quartz.framework/Versions/A/Quartz
0x00000001dddd1000 	/System/Library/PrivateFrameworks/CloudPhotoServicesConfiguration.framework/Versions/A/CloudPhotoServicesConfiguration
0x00000001cf9bb000 	/System/Library/PrivateFrameworks/CommerceKit.framework/Versions/A/CommerceKit
0x00000001df6cf000 	/System/Library/PrivateFrameworks/FindMyMac.framework/Versions/A/FindMyMac
0x00000001df5a2000 	/System/Library/Frameworks/PreferencePanes.framework/Versions/A/PreferencePanes
0x00000001d2cc0000 	/System/Library/Frameworks/AddressBook.framework/Versions/A/AddressBook
0x00000001bd6e7000 	/System/Library/PrivateFrameworks/AOSAccounts.framework/Versions/A/AOSAccounts
0x00000001b792d000 	/System/Library/PrivateFrameworks/AppleSRP.framework/Versions/A/AppleSRP
0x00000001bc1b7000 	/System/Library/PrivateFrameworks/NetFSServer.framework/Versions/A/NetFSServer
0x00000001ce75e000 	/System/Library/Frameworks/PDFKit.framework/Versions/A/PDFKit
0x000000024ee2d000 	/System/Library/Frameworks/TabularData.framework/Versions/A/TabularData
0x000000029e955000 	/usr/lib/swift/libswiftPassKit.dylib
0x00000001f1a36000 	/System/Library/Frameworks/PassKit.framework/Versions/A/PassKit
0x00000001bfeaa000 	/System/Library/PrivateFrameworks/PassKitCore.framework/Versions/A/PassKitCore
0x000000027b596000 	/System/Library/PrivateFrameworks/PassKitMacHelperTemp.framework/Versions/A/PassKitMacHelperTemp
0x000000029d320000 	/usr/lib/libAppleSSE.dylib
0x00000001cbdfe000 	/System/Library/PrivateFrameworks/BiometricKit.framework/Versions/A/BiometricKit
0x0000000281070000 	/System/Library/PrivateFrameworks/SEService.framework/Versions/A/SEService
0x0000000245a67000 	/System/Library/Frameworks/FinanceKit.framework/Versions/A/FinanceKit
0x00000001d1367000 	/System/Library/PrivateFrameworks/NearField.framework/Versions/A/NearField
0x000000029d720000 	/usr/lib/libSESShared.dylib
0x00000002812d8000 	/System/Library/PrivateFrameworks/STSXPCHelperClient.framework/Versions/A/STSXPCHelperClient
0x00000001d30cc000 	/usr/lib/libnfshared.dylib
0x000000028c523000 	/System/Library/PrivateFrameworks/Symptoms.framework/Versions/A/Frameworks/SymptomPresentationFeed.framework/Versions/A/SymptomPresentationFeed
0x00000002548c2000 	/System/Library/PrivateFrameworks/AppleMediaServicesKitInternal.framework/Versions/A/AppleMediaServicesKitInternal
0x0000000255565000 	/System/Library/PrivateFrameworks/AsyncAlgorithmsInternal.framework/Versions/A/AsyncAlgorithmsInternal
0x000000028c265000 	/System/Library/PrivateFrameworks/SymptomShared.framework/Versions/A/SymptomShared
0x00000001f477f000 	/System/Library/PrivateFrameworks/PassKitUIFoundation.framework/Versions/A/PassKitUIFoundation
0x00000001b7260000 	/System/Library/Frameworks/MapKit.framework/Versions/A/MapKit
0x000000026a46b000 	/System/Library/PrivateFrameworks/GeoAnalytics.framework/Versions/A/GeoAnalytics
0x00000001d30fa000 	/System/Library/PrivateFrameworks/Navigation.framework/Versions/A/Navigation
0x00000001dce19000 	/System/Library/PrivateFrameworks/VectorKit.framework/Versions/A/VectorKit
0x00000001c42bf000 	/System/Library/PrivateFrameworks/VirtualGarage.framework/Versions/A/VirtualGarage
0x00000001d32d9000 	/System/Library/Frameworks/ExternalAccessory.framework/ExternalAccessory
0x00000001d32f4000 	/System/Library/PrivateFrameworks/IAP.framework/Versions/A/IAP
0x00000001b751c000 	/System/Library/PrivateFrameworks/IOPlatformPluginFamily.framework/Versions/A/IOPlatformPluginFamily
0x0000000255baa000 	/System/Library/PrivateFrameworks/AvatarKit.framework/Versions/A/AvatarKit
0x0000000255c69000 	/System/Library/PrivateFrameworks/AvatarPersistence.framework/Versions/A/AvatarPersistence
0x000000024f1b4000 	/System/Library/Frameworks/TipKit.framework/Versions/A/TipKit
0x00000001bf991000 	/System/Library/PrivateFrameworks/IMSharedUtilities.framework/Versions/A/IMSharedUtilities
0x000000029e8f4000 	/usr/lib/swift/libswiftAppleArchive.dylib
0x0000000291fbf000 	/System/Library/PrivateFrameworks/VFX.framework/Versions/A/VFX
0x00000001ef5ec000 	/System/Library/PrivateFrameworks/AppleCVA.framework/Versions/A/AppleCVA
0x0000000255c68000 	/System/Library/PrivateFrameworks/AvatarKitContent.framework/Versions/A/AvatarKitContent
0x000000024797f000 	/System/Library/Frameworks/MetalFX.framework/Versions/A/MetalFX
0x0000000259227000 	/System/Library/PrivateFrameworks/CompositorNonUI.framework/Versions/A/CompositorNonUI
0x0000000243deb000 	/System/Library/Frameworks/ARKit.framework/Versions/A/ARKit
0x00000002518a6000 	/System/Library/PrivateFrameworks/ARKitCore.framework/Versions/A/ARKitCore
0x000000029d41a000 	/usr/lib/libDisplayWarpSupport.dylib
0x000000025a982000 	/System/Library/PrivateFrameworks/CoreComposite.framework/Versions/A/CoreComposite
0x000000029d854000 	/usr/lib/libchannel.dylib
0x000000029e551000 	/usr/lib/librealtime_safety.dylib
0x0000000251933000 	/System/Library/PrivateFrameworks/ARKitFoundation.framework/Versions/A/ARKitFoundation
0x0000000253f4a000 	/System/Library/PrivateFrameworks/AppleDepth.framework/Versions/A/AppleDepth
0x00000002540c0000 	/System/Library/PrivateFrameworks/AppleDepthCore.framework/Versions/A/AppleDepthCore
0x00000001b7655000 	/System/Library/PrivateFrameworks/CoreAppleCVA.framework/Versions/A/CoreAppleCVA
0x00000001c43ed000 	/System/Library/PrivateFrameworks/ContactsUICore.framework/Versions/A/ContactsUICore
0x00000001cbc34000 	/System/Library/PrivateFrameworks/ContactsDonation.framework/Versions/A/ContactsDonation
0x00000001cb4eb000 	/System/Library/PrivateFrameworks/DataDetectors.framework/Versions/A/DataDetectors
0x00000001bde35000 	/System/Library/Frameworks/MediaLibrary.framework/Versions/A/MediaLibrary
0x00000001b854f000 	/System/Library/PrivateFrameworks/PersonaKit.framework/Versions/A/PersonaKit
0x00000001c43db000 	/System/Library/PrivateFrameworks/PersonaUI.framework/Versions/A/PersonaUI
0x00000001defc4000 	/System/Library/PrivateFrameworks/Transparency.framework/Versions/A/Transparency
0x000000026119b000 	/System/Library/PrivateFrameworks/FindMyLocate.framework/Versions/A/FindMyLocate
0x00000001cd4f7000 	/System/Library/PrivateFrameworks/IntlPreferences.framework/Versions/A/IntlPreferences
0x0000000261074000 	/System/Library/PrivateFrameworks/FindMyCommon.framework/Versions/A/FindMyCommon
0x0000000260e63000 	/System/Library/PrivateFrameworks/FindMyBase.framework/Versions/A/FindMyBase
0x000000024c4fe000 	/System/Library/Frameworks/NearbyInteraction.framework/Versions/A/NearbyInteraction
0x00000001b816e000 	/System/Library/PrivateFrameworks/AddressBookCore.framework/Versions/A/AddressBookCore
0x00000001d2e57000 	/System/Library/PrivateFrameworks/ToneKit.framework/Versions/A/ToneKit
0x00000001cd53e000 	/System/Library/PrivateFrameworks/ToneLibrary.framework/Versions/A/ToneLibrary
0x000000025952c000 	/System/Library/PrivateFrameworks/ContactsAccounts.framework/Versions/A/ContactsAccounts
0x00000001d11d3000 	/System/Library/PrivateFrameworks/Lookup.framework/Versions/A/Lookup
0x000000024cde3000 	/System/Library/Frameworks/QuickLookUI.framework/Versions/A/QuickLookUI
0x000000024d7f8000 	/System/Library/Frameworks/ScreenCaptureKit.framework/Versions/A/ScreenCaptureKit
0x00000001ce272000 	/System/Library/Frameworks/Quartz.framework/Versions/A/Frameworks/QuartzComposer.framework/Versions/A/QuartzComposer
0x00000001cd4ce000 	/System/Library/Frameworks/Quartz.framework/Versions/A/Frameworks/QuartzFilters.framework/Versions/A/QuartzFilters
0x00000001cc57a000 	/System/Library/Frameworks/Quartz.framework/Versions/A/Frameworks/ImageKit.framework/Versions/A/ImageKit
0x0000000243bf8000 	/System/Library/Frameworks/OpenCL.framework/Versions/A/OpenCL
0x00000001caa89000 	/System/Library/PrivateFrameworks/CorePDF.framework/Versions/A/CorePDF
0x00000001b5217000 	/System/Library/Frameworks/QuickLook.framework/Versions/A/QuickLook
0x00000001bfd9a000 	/System/Library/PrivateFrameworks/DisplayServices.framework/Versions/A/DisplayServices
0x00000001cd453000 	/System/Library/Frameworks/ImageCaptureCore.framework/Versions/A/ImageCaptureCore
0x0000000293fce000 	/System/Library/PrivateFrameworks/VisionKitCore.framework/Versions/A/VisionKitCore
0x00000001c8b87000 	/System/Library/PrivateFrameworks/QuickLookSupport.framework/Versions/A/QuickLookSupport
0x00000002757f3000 	/System/Library/PrivateFrameworks/MediaAnalysisServices.framework/Versions/A/MediaAnalysisServices
0x00000001d01be000 	/System/Library/PrivateFrameworks/PhotoLibraryServices.framework/Versions/A/PhotoLibraryServices
0x00000001cd06b000 	/System/Library/Frameworks/Photos.framework/Versions/A/Photos
0x00000001e1951000 	/System/Library/PrivateFrameworks/PhotosFormats.framework/Versions/A/PhotosFormats
0x00000001dddfc000 	/System/Library/PrivateFrameworks/CloudPhotoLibrary.framework/Versions/A/CloudPhotoLibrary
0x00000001e71f6000 	/System/Library/PrivateFrameworks/CloudPhotoServices.framework/Versions/A/CloudPhotoServices
0x00000001e378a000 	/System/Library/PrivateFrameworks/CoreMediaStream.framework/Versions/A/CoreMediaStream
0x00000001b8c08000 	/System/Library/PrivateFrameworks/CPAnalytics.framework/Versions/A/CPAnalytics
0x00000001dfcc8000 	/System/Library/PrivateFrameworks/MediaConversionService.framework/Versions/A/MediaConversionService
0x00000001bf97d000 	/System/Library/PrivateFrameworks/PhotoFoundation.framework/Versions/A/PhotoFoundation
0x000000027cdad000 	/System/Library/PrivateFrameworks/PhotoLibraryServicesCore.framework/Versions/A/PhotoLibraryServicesCore
0x00000001d9a3e000 	/System/Library/PrivateFrameworks/MMCS.framework/Versions/A/MMCS
0x00000001bdc8e000 	/System/Library/PrivateFrameworks/ChunkingLibrary.framework/Versions/A/ChunkingLibrary
0x00000001b78fa000 	/System/Library/PrivateFrameworks/AssetCacheServices.framework/Versions/A/AssetCacheServices
0x00000001b98c0000 	/System/Library/PrivateFrameworks/AVFoundationCF.framework/Versions/A/AVFoundationCF
0x00000001f7778000 	/usr/lib/swift/libswiftDemangle.dylib
0x000000026d5e6000 	/System/Library/PrivateFrameworks/ImageCaptureDevices.framework/Versions/A/ImageCaptureDevices
0x00000001cb7a8000 	/System/Library/PrivateFrameworks/MediaStream.framework/Versions/A/MediaStream
0x00000001e016a000 	/System/Library/PrivateFrameworks/NeutrinoCore.framework/Versions/A/NeutrinoCore
0x00000001a70cc000 	/System/Library/PrivateFrameworks/NLP.framework/Versions/A/NLP
0x00000001e5f89000 	/System/Library/PrivateFrameworks/PhotoImaging.framework/Versions/A/PhotoImaging
0x00000001e71b7000 	/System/Library/PrivateFrameworks/PhotosImagingFoundation.framework/Versions/A/PhotosImagingFoundation
0x000000027d95a000 	/System/Library/PrivateFrameworks/PhotosIntelligenceCore.framework/Versions/A/PhotosIntelligenceCore
0x00000001b9cfc000 	/System/Library/PrivateFrameworks/EmbeddedAcousticRecognition.framework/Versions/A/EmbeddedAcousticRecognition
0x00000001d505b000 	/System/Library/PrivateFrameworks/EmojiFoundation.framework/Versions/A/EmojiFoundation
0x00000001de075000 	/System/Library/PrivateFrameworks/SDAPI.framework/Versions/A/SDAPI
0x00000001e7205000 	/System/Library/PrivateFrameworks/AutoLoop.framework/Versions/A/AutoLoop
0x000000027e53b000 	/System/Library/PrivateFrameworks/Portrait.framework/Versions/A/Portrait
0x000000026182b000 	/System/Library/PrivateFrameworks/FusionTracker.framework/Versions/A/FusionTracker
0x00000001cdd0c000 	/System/Library/PrivateFrameworks/iTunesCloud.framework/Versions/A/iTunesCloud
0x00000001d6f63000 	/System/Library/PrivateFrameworks/DAAPKit.framework/Versions/A/DAAPKit
0x00000001c8f04000 	/System/Library/PrivateFrameworks/DeviceManagement.framework/Versions/A/DeviceManagement
0x00000001ed204000 	/System/Library/PrivateFrameworks/ScreenTimeUI.framework/Versions/A/ScreenTimeUI
0x00000001cb4e5000 	/System/Library/PrivateFrameworks/QuickLookNonBaseSystem.framework/Versions/A/QuickLookNonBaseSystem
0x00000001cbd0a000 	/System/Library/PrivateFrameworks/Catalyst.framework/Versions/A/Catalyst
0x00000001cd6f0000 	/System/Library/PrivateFrameworks/ScreenTimeCore.framework/Versions/A/ScreenTimeCore
0x00000001e0dfb000 	/System/Library/PrivateFrameworks/ScreenTimeServiceUI.framework/Versions/A/ScreenTimeServiceUI
0x00000001d9bce000 	/System/Library/PrivateFrameworks/ConfigurationEngineModel.framework/Versions/A/ConfigurationEngineModel
0x00000001dcdd2000 	/System/Library/PrivateFrameworks/UsageTracking.framework/Versions/A/UsageTracking
0x00000002456f9000 	/System/Library/Frameworks/DeviceActivity.framework/Versions/A/DeviceActivity
0x00000001dcda2000 	/System/Library/PrivateFrameworks/KnowledgeMonitor.framework/Versions/A/KnowledgeMonitor
0x00000001f4725000 	/System/Library/PrivateFrameworks/BluetoothManager.framework/Versions/A/BluetoothManager
0x0000000246d04000 	/System/Library/Frameworks/ManagedSettings.framework/Versions/A/ManagedSettings
0x0000000274f50000 	/System/Library/PrivateFrameworks/ManagedSettingsSupport.framework/Versions/A/ManagedSettingsSupport
0x00000001f1b06000 	/System/Library/Frameworks/ReplayKit.framework/Versions/A/ReplayKit
0x00000001c0d5a000 	/System/Library/PrivateFrameworks/MarkupUI.framework/Versions/A/MarkupUI
0x00000001cb4bd000 	/System/Library/PrivateFrameworks/SidecarCore.framework/Versions/A/SidecarCore
0x00000001ce127000 	/System/Library/PrivateFrameworks/AnnotationKit.framework/Versions/A/AnnotationKit
0x00000001cc7bf000 	/System/Library/Frameworks/PencilKit.framework/Versions/A/PencilKit
0x00000001cc984000 	/System/Library/PrivateFrameworks/SidecarUI.framework/Versions/A/SidecarUI
0x00000001cc11a000 	/System/Library/PrivateFrameworks/CoreHandwriting.framework/Versions/A/CoreHandwriting
0x00000001a0c72000 	/usr/lib/libmecabra.dylib
0x00000001c49b3000 	/System/Library/PrivateFrameworks/Calculate.framework/Versions/A/Calculate
0x00000001b081d000 	/usr/lib/libChineseTokenizer.dylib
0x0000000202b8a000 	/System/Library/PrivateFrameworks/ScreenReaderCore.framework/Versions/A/ScreenReaderCore
0x000000028b791000 	/System/Library/PrivateFrameworks/StocksKit.framework/Versions/A/StocksKit
0x00000001c39a8000 	/System/Library/PrivateFrameworks/OAuth.framework/Versions/A/OAuth
0x000000028b482000 	/System/Library/PrivateFrameworks/StocksCore.framework/Versions/A/StocksCore
0x000000028ca93000 	/System/Library/PrivateFrameworks/TeaFoundation.framework/Versions/A/TeaFoundation
0x000000028cc75000 	/System/Library/PrivateFrameworks/TeaSettings.framework/Versions/A/TeaSettings
0x00000001f8e40000 	/System/Library/PrivateFrameworks/NewsCore.framework/Versions/A/NewsCore
0x000000028ca2f000 	/System/Library/PrivateFrameworks/TeaDB.framework/Versions/A/TeaDB
0x00000001f583c000 	/System/Library/PrivateFrameworks/RemoteConfiguration.framework/Versions/A/RemoteConfiguration
0x00000001f8a4b000 	/System/Library/PrivateFrameworks/NewsTransport.framework/Versions/A/NewsTransport
0x00000001f8e30000 	/System/Library/PrivateFrameworks/NewsFoundation.framework/Versions/A/NewsFoundation
0x0000000279288000 	/System/Library/PrivateFrameworks/NewsURLBucket.framework/Versions/A/NewsURLBucket
0x00000001cfdb5000 	/System/Library/PrivateFrameworks/MobileInstallation.framework/Versions/A/MobileInstallation
0x000000024f321000 	/System/Library/Frameworks/Translation.framework/Versions/A/Translation
0x00000001e8c09000 	/System/Library/PrivateFrameworks/RevealCore.framework/Versions/A/RevealCore
0x00000001e8bfd000 	/System/Library/PrivateFrameworks/Reveal.framework/Versions/A/Reveal
0x00000001e0ac5000 	/System/Library/Frameworks/Speech.framework/Versions/A/Speech
0x0000000250786000 	/System/Library/PrivateFrameworks/AIMLExperimentationAnalytics.framework/Versions/A/AIMLExperimentationAnalytics
0x0000000252b01000 	/System/Library/PrivateFrameworks/AlgorithmsInternal.framework/Versions/A/AlgorithmsInternal
0x00000002902c9000 	/System/Library/PrivateFrameworks/TranslationUIServices.framework/Versions/A/TranslationUIServices
0x000000028f1b4000 	/System/Library/PrivateFrameworks/TipKitCore.framework/Versions/A/TipKitCore
0x00000001d50df000 	/System/Library/PrivateFrameworks/CoreCDPInternal.framework/Versions/A/CoreCDPInternal
0x000000026ddc3000 	/System/Library/PrivateFrameworks/InputAnalytics.framework/Versions/A/InputAnalytics
0x00000001dabfc000 	/System/Library/Frameworks/InstantMessage.framework/Versions/A/InstantMessage
0x00000001d2bce000 	/System/Library/PrivateFrameworks/IDSKVStore.framework/Versions/A/IDSKVStore
0x00000001d2894000 	/System/Library/PrivateFrameworks/IMDPersistence.framework/Versions/A/IMDPersistence
0x0000000291eb5000 	/System/Library/PrivateFrameworks/UserSafety.framework/Versions/A/UserSafety
0x00000001f3935000 	/System/Library/PrivateFrameworks/BlastDoor.framework/Versions/A/BlastDoor
0x0000000272275000 	/System/Library/PrivateFrameworks/LinkPresentationStyleSheetParsing.framework/Versions/A/LinkPresentationStyleSheetParsing
0x000000027e6ec000 	/System/Library/PrivateFrameworks/PosterFoundation.framework/Versions/A/PosterFoundation
0x000000027e77b000 	/System/Library/PrivateFrameworks/PosterModel.framework/Versions/A/PosterModel
0x000000027e756000 	/System/Library/PrivateFrameworks/PosterFuturesKit.framework/Versions/A/PosterFuturesKit
0x0000000260c52000 	/System/Library/PrivateFrameworks/FeedbackService.framework/Versions/A/FeedbackService
0x00000001cbb8b000 	/System/Library/PrivateFrameworks/CoreSDB.framework/Versions/A/CoreSDB
0x000000025534e000 	/System/Library/PrivateFrameworks/AskToCore.framework/Versions/A/AskToCore
0x00000001eda3b000 	/System/Library/PrivateFrameworks/MachineSettings.framework/Versions/A/MachineSettings
0x00000001df524000 	/System/Library/PrivateFrameworks/BezelServices.framework/Versions/A/BezelServices
0x00000001d6fef000 	/System/Library/PrivateFrameworks/SPOwner.framework/Versions/A/SPOwner
0x00000001cfa20000 	/System/Library/PrivateFrameworks/FMCore.framework/Versions/A/FMCore
0x00000002987d5000 	/System/Library/PrivateFrameworks/iCloudQuota.framework/Versions/A/iCloudQuota
0x00000001c4358000 	/System/Library/PrivateFrameworks/CoreRecognition.framework/Versions/A/CoreRecognition
0x00000001df5da000 	/System/Library/PrivateFrameworks/InAppMessages.framework/Versions/A/InAppMessages
0x0000000201773000 	/System/Library/PrivateFrameworks/JetUI.framework/Versions/A/JetUI
0x0000000271556000 	/System/Library/PrivateFrameworks/JetPack.framework/Versions/A/JetPack
0x00000001df5d1000 	/System/Library/PrivateFrameworks/InAppMessagesCore.framework/Versions/A/InAppMessagesCore
0x0000000297b8d000 	/System/Library/PrivateFrameworks/_JetEngine_SwiftUI.framework/Versions/A/_JetEngine_SwiftUI
0x000000028c54c000 	/System/Library/PrivateFrameworks/Synapse.framework/Versions/A/Synapse
0x00000002574f9000 	/System/Library/PrivateFrameworks/CSExattrCrypto.framework/Versions/A/CSExattrCrypto
0x00000001d0ebc000 	/System/Library/PrivateFrameworks/StoreFoundation.framework/Versions/A/StoreFoundation
0x00000001cfa1a000 	/System/Library/PrivateFrameworks/ServerInformation.framework/Versions/A/ServerInformation
0x00000001cf44b000 	/System/Library/PrivateFrameworks/Install.framework/Frameworks/DistributionKit.framework/Versions/A/DistributionKit
0x00000001c895b000 	/System/Library/PrivateFrameworks/PackageKit.framework/Versions/A/PackageKit
0x00000001cf46e000 	/System/Library/PrivateFrameworks/OSPersonalization.framework/Versions/A/OSPersonalization
0x00000001d1446000 	/System/Library/PrivateFrameworks/BridgeOSSoftwareUpdate.framework/Versions/A/BridgeOSSoftwareUpdate
0x00000001cc022000 	/System/Library/PrivateFrameworks/StorageManagement.framework/Versions/A/StorageManagement
0x00000001e0948000 	/usr/lib/libauthinstall.dylib
0x00000001d144f000 	/System/Library/PrivateFrameworks/InstallerDiagnostics.framework/Versions/A/InstallerDiagnostics
0x00000001e0fc7000 	/usr/lib/libcrypto.42.dylib
0x000000029ee5b000 	/usr/lib/updaters/libAppleTconUARPUpdater.dylib
0x000000029efe5000 	/usr/lib/updaters/libT200Updater.dylib
0x00000001d1434000 	/System/Library/PrivateFrameworks/GPUInfo.framework/Versions/A/GPUInfo
0x00000001df6d5000 	/System/Library/PrivateFrameworks/MobileActivationMacOS.framework/Versions/A/MobileActivationMacOS
0x00000001c38ea000 	/System/Library/PrivateFrameworks/AccountsDaemon.framework/Versions/A/AccountsDaemon
0x00000001b3963000 	/System/Library/PrivateFrameworks/CacheDelete.framework/Versions/A/CacheDelete
0x00000001bc2db000 	/System/Library/Frameworks/QuickLookThumbnailing.framework/Versions/A/QuickLookThumbnailing
0x00000001d1493000 	/System/Library/PrivateFrameworks/AOSKit.framework/Versions/A/AOSKit
0x00000001b094e000 	/System/Library/PrivateFrameworks/AppSSOCore.framework/Versions/A/AppSSOCore
0x00000001cae93000 	/System/Library/Frameworks/AVFoundation.framework/Versions/A/AVFoundation
0x0000000255d02000 	/System/Library/PrivateFrameworks/BackgroundSystemTasks.framework/Versions/A/BackgroundSystemTasks
0x00000001bc1f1000 	/System/Library/PrivateFrameworks/DuetActivityScheduler.framework/Versions/A/DuetActivityScheduler
0x00000001ddd2b000 	/System/Library/PrivateFrameworks/NetworkServiceProxy.framework/Versions/A/NetworkServiceProxy
0x00000001b758e000 	/usr/lib/libnetworkextension.dylib
0x00000001b9c0a000 	/System/Library/PrivateFrameworks/Rapport.framework/Versions/A/Rapport
0x000000028c275000 	/System/Library/PrivateFrameworks/Symptoms.framework/Versions/A/Frameworks/SymptomAnalytics.framework/Versions/A/SymptomAnalytics
0x00000001b4397000 	/System/Library/Frameworks/NetworkExtension.framework/Versions/A/NetworkExtension
0x00000001ba9b1000 	/System/Library/PrivateFrameworks/CoreDuetContext.framework/Versions/A/CoreDuetContext
0x00000001a56f9000 	/System/Library/PrivateFrameworks/CoreDuet.framework/Versions/A/CoreDuet
0x00000001bf6d6000 	/System/Library/PrivateFrameworks/AssistantServices.framework/Versions/A/AssistantServices
0x00000001b9a04000 	/System/Library/PrivateFrameworks/SAObjects.framework/Versions/A/SAObjects
0x00000001bf2d1000 	/System/Library/PrivateFrameworks/MediaRemote.framework/Versions/A/MediaRemote
0x00000001d1987000 	/System/Library/PrivateFrameworks/SiriInstrumentation.framework/Versions/A/SiriInstrumentation
0x00000002831d4000 	/System/Library/PrivateFrameworks/SiriAnalytics.framework/Versions/A/SiriAnalytics
0x000000028907b000 	/System/Library/PrivateFrameworks/SiriTTSService.framework/Versions/A/SiriTTSService
0x0000000283b10000 	/System/Library/PrivateFrameworks/SiriCrossDeviceArbitration.framework/Versions/A/SiriCrossDeviceArbitration
0x00000001cf1e3000 	/System/Library/PrivateFrameworks/FeedbackLogger.framework/Versions/A/FeedbackLogger
0x00000002607fa000 	/System/Library/PrivateFrameworks/FaceTimeNameUtility.framework/Versions/A/FaceTimeNameUtility
0x0000000283b64000 	/System/Library/PrivateFrameworks/SiriCrossDeviceArbitrationFeedback.framework/Versions/A/SiriCrossDeviceArbitrationFeedback
0x000000026a255000 	/System/Library/PrivateFrameworks/GenerativeModels.framework/Versions/A/GenerativeModels
0x0000000243f31000 	/System/Library/Frameworks/AVRouting.framework/Versions/A/AVRouting
0x00000001c416b000 	/System/Library/PrivateFrameworks/MediaServices.framework/Versions/A/MediaServices
0x00000001b1fb8000 	/System/Library/Frameworks/MediaToolbox.framework/Versions/A/MediaToolbox
0x00000001b89a9000 	/System/Library/PrivateFrameworks/CoreAVCHD.framework/Versions/A/CoreAVCHD
0x00000001b89a5000 	/System/Library/PrivateFrameworks/Mangrove.framework/Versions/A/Mangrove
0x0000000257315000 	/System/Library/PrivateFrameworks/CMPhoto.framework/Versions/A/CMPhoto
0x00000001b918f000 	/System/Library/Frameworks/CoreTelephony.framework/Versions/A/CoreTelephony
0x00000001b8998000 	/System/Library/PrivateFrameworks/CoreAUC.framework/Versions/A/CoreAUC
0x0000000254646000 	/System/Library/PrivateFrameworks/AppleJPEGXL.framework/Versions/A/AppleJPEGXL
0x00000001b3a04000 	/usr/lib/libTelephonyUtilDynamic.dylib
0x00000001b9842000 	/System/Library/Frameworks/LocalAuthentication.framework/Versions/A/LocalAuthentication
0x00000002724ab000 	/System/Library/PrivateFrameworks/LocalAuthenticationCore.framework/Versions/A/LocalAuthenticationCore
0x0000000272630000 	/System/Library/PrivateFrameworks/LocalAuthenticationCredentialServices.framework/Versions/A/LocalAuthenticationCredentialServices
0x00000001b98ae000 	/System/Library/Frameworks/LocalAuthentication.framework/Support/SharedUtils.framework/Versions/A/SharedUtils
0x00000001b0d98000 	/System/Library/PrivateFrameworks/PersistentConnection.framework/Versions/A/PersistentConnection
0x000000028a890000 	/System/Library/PrivateFrameworks/SonicFoundation.framework/Versions/A/SonicFoundation
0x000000025f058000 	/System/Library/PrivateFrameworks/Dendrite.framework/Versions/A/Dendrite
0x00000001d3896000 	/usr/lib/libtailspin.dylib
0x00000001e7315000 	/System/Library/PrivateFrameworks/Osprey.framework/Versions/A/Osprey
0x00000002886d5000 	/System/Library/PrivateFrameworks/SiriTTS.framework/Versions/A/SiriTTS
0x00000001cbc51000 	/System/Library/Frameworks/NaturalLanguage.framework/Versions/A/NaturalLanguage
0x00000002874bb000 	/System/Library/PrivateFrameworks/SiriPowerInstrumentation.framework/Versions/A/SiriPowerInstrumentation
0x00000001ccb14000 	/System/Library/PrivateFrameworks/Trial.framework/Versions/A/Trial
0x00000001cca96000 	/System/Library/PrivateFrameworks/TrialProto.framework/Versions/A/TrialProto
0x000000029157a000 	/System/Library/PrivateFrameworks/UnifiedAssetFramework.framework/Versions/A/UnifiedAssetFramework
0x00000001e933d000 	/usr/lib/swift/libswiftAVFoundation.dylib
0x00000001f97de000 	/usr/lib/swift/libswiftNaturalLanguage.dylib
0x000000028ca2d000 	/System/Library/PrivateFrameworks/TailspinSymbolication.framework/Versions/A/TailspinSymbolication
0x000000025ec97000 	/System/Library/PrivateFrameworks/Darwinup.framework/Versions/A/Darwinup
0x00000001dfd03000 	/System/Library/PrivateFrameworks/SignpostSupport.framework/Versions/A/SignpostSupport
0x00000001cbb18000 	/System/Library/PrivateFrameworks/FeatureFlagsSupport.framework/Versions/A/FeatureFlagsSupport
0x00000001df436000 	/System/Library/PrivateFrameworks/ktrace.framework/Versions/A/ktrace
0x00000001dff32000 	/System/Library/PrivateFrameworks/SampleAnalysis.framework/Versions/A/SampleAnalysis
0x00000001e8bd7000 	/System/Library/PrivateFrameworks/kperfdata.framework/Versions/A/kperfdata
0x00000001b5358000 	/usr/lib/libdscsym.dylib
0x00000001e9093000 	/System/Library/PrivateFrameworks/BulkSymbolication.framework/Versions/A/BulkSymbolication
0x00000001bc327000 	/System/Library/PrivateFrameworks/Espresso.framework/Versions/A/Espresso
0x00000001aa341000 	/System/Library/Frameworks/CoreML.framework/Versions/A/CoreML
0x0000000202f31000 	/System/Library/PrivateFrameworks/ANECompiler.framework/Versions/A/ANECompiler
0x00000001be420000 	/System/Library/PrivateFrameworks/AppleNeuralEngine.framework/Versions/A/AppleNeuralEngine
0x0000000247a2b000 	/System/Library/Frameworks/MetalPerformanceShadersGraph.framework/Versions/A/MetalPerformanceShadersGraph
0x0000000272f37000 	/System/Library/PrivateFrameworks/MLCompilerServices.framework/Versions/A/MLCompilerServices
0x00000001bd1cb000 	/System/Library/PrivateFrameworks/ANEServices.framework/Versions/A/ANEServices
0x000000027a2e4000 	/System/Library/PrivateFrameworks/ODIE.framework/Versions/A/ODIE
0x0000000272edb000 	/System/Library/PrivateFrameworks/MLCompilerRuntime.framework/Versions/A/MLCompilerRuntime
0x00000001ae74b000 	/System/Library/Frameworks/MLCompute.framework/Versions/A/MLCompute
0x0000000272e5d000 	/System/Library/PrivateFrameworks/MLAssetIO.framework/Versions/A/MLAssetIO
0x000000029e933000 	/usr/lib/swift/libswiftMLCompute.dylib
0x00000001b9395000 	/System/Library/PrivateFrameworks/AVFCore.framework/Versions/A/AVFCore
0x00000001c28f5000 	/System/Library/PrivateFrameworks/AVFCapture.framework/Versions/A/AVFCapture
0x00000002570fe000 	/System/Library/PrivateFrameworks/CMImaging.framework/Versions/A/CMImaging
0x00000001c2b3f000 	/System/Library/PrivateFrameworks/Quagga.framework/Versions/A/Quagga
0x00000001c2c73000 	/System/Library/PrivateFrameworks/CMCapture.framework/Versions/A/CMCapture
0x00000001b3587000 	/System/Library/Frameworks/CoreMediaIO.framework/Versions/A/CoreMediaIO
0x000000025703a000 	/System/Library/PrivateFrameworks/CMCaptureDevice.framework/Versions/A/CMCaptureDevice
0x00000001b0f0e000 	/System/Library/PrivateFrameworks/CoreBrightness.framework/Versions/A/CoreBrightness
0x0000000258150000 	/System/Library/PrivateFrameworks/CinematicFraming.framework/Versions/A/CinematicFraming
0x0000000276f9a000 	/System/Library/PrivateFrameworks/ModelManagerServices.framework/Versions/A/ModelManagerServices
0x00000001e63d3000 	/System/Library/PrivateFrameworks/CPMS.framework/Versions/A/CPMS
0x000000028c723000 	/System/Library/PrivateFrameworks/SystemStatus.framework/Versions/A/SystemStatus
0x00000001caa8b000 	/System/Library/Frameworks/CoreMotion.framework/Versions/A/CoreMotion
0x00000001dacba000 	/System/Library/PrivateFrameworks/TimeSync.framework/Versions/A/TimeSync
0x000000025f97a000 	/System/Library/PrivateFrameworks/DistributedSensing.framework/Versions/A/DistributedSensing
0x00000001d622e000 	/System/Library/PrivateFrameworks/MobileBluetooth.framework/Versions/A/MobileBluetooth
0x00000001dc9ba000 	/System/Library/PrivateFrameworks/IOKitten.framework/Versions/A/IOKitten
0x0000000254549000 	/System/Library/PrivateFrameworks/AppleIntelligenceReporting.framework/Versions/A/AppleIntelligenceReporting
0x00000001a1eee000 	/System/Library/PrivateFrameworks/LanguageModeling.framework/Versions/A/LanguageModeling
0x00000001a6ed3000 	/System/Library/PrivateFrameworks/Montreal.framework/Versions/A/Montreal
0x00000001af1ca000 	/usr/lib/libcmph.dylib
0x000000026a332000 	/System/Library/PrivateFrameworks/GenerativeModelsFoundation.framework/Versions/A/GenerativeModelsFoundation
0x000000028f51d000 	/System/Library/PrivateFrameworks/TokenGeneration.framework/Versions/A/TokenGeneration
0x000000026a111000 	/System/Library/PrivateFrameworks/GenerativeFunctions.framework/Versions/A/GenerativeFunctions
0x000000026a15d000 	/System/Library/PrivateFrameworks/GenerativeFunctionsFoundation.framework/Versions/A/GenerativeFunctionsFoundation
0x0000000276bb7000 	/System/Library/PrivateFrameworks/ModelCatalog.framework/Versions/A/ModelCatalog
0x0000000282680000 	/System/Library/PrivateFrameworks/SensitiveContentAnalysisML.framework/Versions/A/SensitiveContentAnalysisML
0x000000026a1f2000 	/System/Library/PrivateFrameworks/GenerativeFunctionsInstrumentation.framework/Versions/A/GenerativeFunctionsInstrumentation
0x000000027f87c000 	/System/Library/PrivateFrameworks/PromptKit.framework/Versions/A/PromptKit
0x000000027f34d000 	/System/Library/PrivateFrameworks/ProactiveDaemonSupport.framework/Versions/A/ProactiveDaemonSupport
0x000000028f76b000 	/System/Library/PrivateFrameworks/TokenGenerationCore.framework/Versions/A/TokenGenerationCore
0x00000002541aa000 	/System/Library/PrivateFrameworks/AppleFlatBuffers.framework/Versions/A/AppleFlatBuffers
0x00000002828b9000 	/System/Library/PrivateFrameworks/SentencePieceInternal.framework/Versions/A/SentencePieceInternal
0x00000001b7972000 	/System/Library/Frameworks/Vision.framework/Versions/A/Vision
0x000000025e66e000 	/System/Library/PrivateFrameworks/CoreSceneUnderstanding.framework/Versions/A/CoreSceneUnderstanding
0x0000000293f82000 	/System/Library/PrivateFrameworks/VisionCore.framework/Versions/A/VisionCore
0x00000001d51c7000 	/System/Library/Frameworks/Vision.framework/libfaceCore.dylib
0x00000001d5cea000 	/System/Library/PrivateFrameworks/Futhark.framework/Versions/A/Futhark
0x00000001d9aea000 	/System/Library/PrivateFrameworks/InertiaCam.framework/Versions/A/InertiaCam
0x00000001d5a72000 	/System/Library/PrivateFrameworks/TextRecognition.framework/Versions/A/TextRecognition
0x00000001b096f000 	/System/Library/PrivateFrameworks/CVNLP.framework/Versions/A/CVNLP
0x00000001a9ddf000 	/System/Library/PrivateFrameworks/ApplePushService.framework/Versions/A/ApplePushService
0x00000001a9e4a000 	/System/Library/Frameworks/CloudKit.framework/Versions/A/CloudKit
0x00000001bd389000 	/System/Library/PrivateFrameworks/CoreDuetDaemonProtocol.framework/Versions/A/CoreDuetDaemonProtocol
0x00000001e251a000 	/System/Library/PrivateFrameworks/DeviceIdentity.framework/Versions/A/DeviceIdentity
0x000000024da0f000 	/System/Library/Frameworks/SharedWithYouCore.framework/Versions/A/SharedWithYouCore
0x00000002589f8000 	/System/Library/PrivateFrameworks/CloudTelemetry.framework/Versions/A/CloudTelemetry
0x00000001bbcbe000 	/System/Library/PrivateFrameworks/AppleAccount.framework/Versions/A/AppleAccount
0x00000001bc280000 	/System/Library/PrivateFrameworks/C2.framework/Versions/A/C2
0x000000025866a000 	/System/Library/PrivateFrameworks/CloudCoreInternal.framework/Versions/A/CloudCoreInternal
0x000000025840f000 	/System/Library/PrivateFrameworks/CloudAsset.framework/Versions/A/CloudAsset
0x00000001bc277000 	/System/Library/Frameworks/PushKit.framework/Versions/A/PushKit
0x0000000258a18000 	/System/Library/PrivateFrameworks/CloudTelemetryTools.framework/Versions/A/CloudTelemetryTools
0x00000001be17b000 	/System/Library/PrivateFrameworks/RTCReporting.framework/Versions/A/RTCReporting
0x000000025066b000 	/System/Library/PrivateFrameworks/AAAFoundationSwift.framework/Versions/A/AAAFoundationSwift
0x00000001bbf49000 	/System/Library/PrivateFrameworks/AppleIDSSOAuthentication.framework/Versions/A/AppleIDSSOAuthentication
0x00000001d0d67000 	/System/Library/PrivateFrameworks/CaptiveNetwork.framework/Versions/A/CaptiveNetwork
0x00000001bb74f000 	/System/Library/PrivateFrameworks/EAP8021X.framework/Versions/A/EAP8021X
0x000000025ea7d000 	/System/Library/PrivateFrameworks/CryptoKitPrivate.framework/Versions/A/CryptoKitPrivate
0x00000001cb0e2000 	/System/Library/PrivateFrameworks/FindMyDevice.framework/Versions/A/FindMyDevice
0x00000001bfe8a000 	/System/Library/PrivateFrameworks/FMCoreLite.framework/Versions/A/FMCoreLite
0x00000001ae3eb000 	/System/Library/Frameworks/ServiceManagement.framework/Versions/A/ServiceManagement
0x00000001d2816000 	/System/Library/Frameworks/Accelerate.framework/Versions/A/Frameworks/vImage.framework/Versions/A/Libraries/libCGInterfaces.dylib
0x00000001dfefb000 	/System/Library/PrivateFrameworks/UIKitServices.framework/Versions/A/UIKitServices
0x0000000148fe8000 	/System/Library/Extensions/AGXMetalG15X_M1.bundle/Contents/MacOS/AGXMetalG15X_M1
0x00000001c400c000 	/System/Library/PrivateFrameworks/IOGPU.framework/Versions/A/IOGPU
0x0000000243a72000 	/System/Library/Frameworks/OpenGL.framework/Versions/A/Resources/GLEngine.bundle/GLEngine
0x0000000243914000 	/System/Library/Frameworks/OpenGL.framework/Versions/A/Libraries/libGLProgrammability.dylib
0x00000001398f8000 	/System/Library/Extensions/AppleMetalOpenGLRenderer.bundle/Contents/MacOS/AppleMetalOpenGLRenderer
0x0000000243bd3000 	/System/Library/Frameworks/OpenGL.framework/Versions/A/Resources/GLRendererFloat.bundle/GLRendererFloat
0x0000000139b78000 	/private/var/folders/p7/vhv4lqg12pj2spxrn1n67ks00000gn/T/lwjgl_matthew/3.4.1+2/arm64/liblwjgl_opengl.dylib
0x0000000139ba0000 	/Library/Java/JavaVirtualMachines/temurin-25.jdk/Contents/Home/lib/libverify.dylib
0x0000000139c20000 	/private/var/folders/p7/vhv4lqg12pj2spxrn1n67ks00000gn/T/lwjgl_matthew/3.4.1+2/arm64/liblwjgl_stb.dylib

JVMTI agents: none


VM Arguments:
jvm_args: --enable-native-access=ALL-UNNAMED -XX:+ShowCodeDetailsInExceptionMessages 
java_command: Main
java_class_path (initial): /Users/matthew/lwjgl_testing/target/classes:/Users/matthew/.m2/repository/org/lwjgl/lwjgl/3.4.1/lwjgl-3.4.1.jar:/Users/matthew/.m2/repository/org/lwjgl/lwjgl-glfw/3.4.1/lwjgl-glfw-3.4.1.jar:/Users/matthew/.m2/repository/org/lwjgl/lwjgl-opengl/3.4.1/lwjgl-opengl-3.4.1.jar:/Users/matthew/.m2/repository/org/lwjgl/lwjgl-stb/3.4.1/lwjgl-stb-3.4.1.jar:/Users/matthew/.m2/repository/org/lwjgl/lwjgl/3.4.1/lwjgl-3.4.1-natives-macos-arm64.jar:/Users/matthew/.m2/repository/org/lwjgl/lwjgl-glfw/3.4.1/lwjgl-glfw-3.4.1-natives-macos-arm64.jar:/Users/matthew/.m2/repository/org/lwjgl/lwjgl-opengl/3.4.1/lwjgl-opengl-3.4.1-natives-macos-arm64.jar:/Users/matthew/.m2/repository/org/lwjgl/lwjgl-stb/3.4.1/lwjgl-stb-3.4.1-natives-macos-arm64.jar:/Users/matthew/.m2/repository/org/joml/joml/1.10.8/joml-1.10.8.jar:/Users/matthew/.m2/repository/org/joml/joml-primitives/1.10.0/joml-primitives-1.10.0.jar
Launcher Type: SUN_STANDARD

[Global flags]
     intx CICompilerCount                          = 4                                         {product} {ergonomic}
     uint ConcGCThreads                            = 3                                         {product} {ergonomic}
     uint G1ConcRefinementThreads                  = 11                                        {product} {ergonomic}
   size_t G1HeapRegionSize                         = 8388608                                   {product} {ergonomic}
   size_t InitialHeapSize                          = 603979776                                 {product} {ergonomic}
   size_t MarkStackSize                            = 4194304                                   {product} {ergonomic}
   size_t MarkStackSizeMax                         = 536870912                                 {product} {ergonomic}
   size_t MaxHeapSize                              = 9663676416                                {product} {ergonomic}
   size_t MaxNewSize                               = 5796528128                                {product} {ergonomic}
   size_t MinHeapDeltaBytes                        = 8388608                                   {product} {ergonomic}
   size_t MinHeapSize                              = 8388608                                   {product} {ergonomic}
    uintx NonNMethodCodeHeapSize                   = 5832704                                {pd product} {ergonomic}
    uintx NonProfiledCodeHeapSize                  = 122929152                              {pd product} {ergonomic}
    uintx ProfiledCodeHeapSize                     = 122896384                              {pd product} {ergonomic}
    uintx ReservedCodeCacheSize                    = 251658240                              {pd product} {ergonomic}
     bool SegmentedCodeCache                       = true                                      {product} {ergonomic}
     bool ShowCodeDetailsInExceptionMessages       = true                                   {manageable} {command line}
   size_t SoftMaxHeapSize                          = 9663676416                             {manageable} {ergonomic}
     bool UseCompressedOops                        = true                           {product lp64_product} {ergonomic}
     bool UseG1GC                                  = true                                      {product} {ergonomic}
     bool UseNUMA                                  = false                                     {product} {ergonomic}
     bool UseNUMAInterleaving                      = false                                     {product} {ergonomic}

Logging:
Log output configuration:
 #0: stdout all=warning uptime,level,tags foldmultilines=false
 #1: stderr all=off uptime,level,tags foldmultilines=false

Release file:
IMPLEMENTOR="Eclipse Adoptium"
IMPLEMENTOR_VERSION="Temurin-25.0.2+10"
JAVA_RUNTIME_VERSION="25.0.2+10-LTS"
JAVA_VERSION="25.0.2"
JAVA_VERSION_DATE="2026-01-20"
LIBC="default"
MODULES="java.base java.compiler java.datatransfer java.xml java.prefs java.desktop java.instrument java.logging java.management java.security.sasl java.naming java.rmi java.management.rmi java.net.http java.scripting java.security.jgss java.transaction.xa java.sql java.sql.rowset java.xml.crypto java.se java.smartcardio jdk.accessibility jdk.internal.jvmstat jdk.attach jdk.charsets jdk.internal.opt jdk.zipfs jdk.compiler jdk.crypto.cryptoki jdk.crypto.ec jdk.dynalink jdk.internal.ed jdk.editpad jdk.internal.vm.ci jdk.graal.compiler jdk.graal.compiler.management jdk.hotspot.agent jdk.httpserver jdk.incubator.vector jdk.internal.le jdk.internal.md jdk.jartool jdk.javadoc jdk.jcmd jdk.management jdk.management.agent jdk.jconsole jdk.jdeps jdk.jdwp.agent jdk.jdi jdk.jfr jdk.jlink jdk.jpackage jdk.jshell jdk.jsobject jdk.jstatd jdk.localedata jdk.management.jfr jdk.naming.dns jdk.naming.rmi jdk.net jdk.nio.mapmode jdk.sctp jdk.security.auth jdk.security.jgss jdk.unsupported jdk.unsupported.desktop jdk.xml.dom"
OS_ARCH="aarch64"
OS_NAME="Darwin"
SOURCE=".:git:9e3c947043a4"
BUILD_SOURCE="git:458965074606f027bd5afce2cfd5c1055dea0438"
BUILD_SOURCE_REPO="https://github.com/adoptium/temurin-build.git"
SOURCE_REPO="https://github.com/adoptium/jdk25u.git"
FULL_VERSION="25.0.2+10-LTS"
SEMANTIC_VERSION="25.0.2+10"
BUILD_INFO="OS: macOS Version: 14.1 23B74"
JVM_VARIANT="Hotspot"
JVM_VERSION="25.0.2+10-LTS"
IMAGE_TYPE="JDK"

Environment Variables:
PATH=/Users/matthew/.pyenv/shims:/Users/matthew/.pyenv/bin:/Users/matthew/Library/Application Support/Code/User/globalStorage/github.copilot-chat/debugCommand:/Users/matthew/Library/Application Support/Code/User/globalStorage/github.copilot-chat/copilotCli:/opt/homebrew/bin:/opt/homebrew/sbin:/Library/Frameworks/Python.framework/Versions/3.12/bin:/usr/local/bin:/System/Cryptexes/App/usr/bin:/usr/bin:/bin:/usr/sbin:/sbin:/var/run/com.apple.security.cryptexd/codex.system/bootstrap/usr/local/bin:/var/run/com.apple.security.cryptexd/codex.system/bootstrap/usr/bin:/var/run/com.apple.security.cryptexd/codex.system/bootstrap/usr/appleinternal/bin:/opt/pmk/env/global/bin:/Library/Apple/usr/bin:/usr/local/share/dotnet:~/.dotnet/tools:/Library/Frameworks/Mono.framework/Versions/Current/Commands:/Users/matthew/Library/Application Support/Code/User/globalStorage/github.copilot-chat/debugCommand:/Users/matthew/Library/Application Support/Code/User/globalStorage/github.copilot-chat/copilotCli:/Users/matthew/.pyenv/bin:/Users/matthew/.cargo/bin:/Users/matthew/.vscode/extensions/vscjava.vscode-java-debug-0.58.5/bundled/scripts/noConfigScripts:/Users/matthew/.vscode/extensions/ms-python.debugpy-2025.18.0-darwin-arm64/bundled/scripts/noConfigScripts
SHELL=/bin/zsh
LANG=C.UTF-8
TERM=xterm-256color
TMPDIR=/var/folders/p7/vhv4lqg12pj2spxrn1n67ks00000gn/T/

Active Locale:
LC_ALL=C.UTF-8
LC_COLLATE=C.UTF-8
LC_CTYPE=C.UTF-8
LC_MESSAGES=C.UTF-8
LC_MONETARY=C.UTF-8
LC_NUMERIC=C.UTF-8
LC_TIME=C.UTF-8

Signal Handlers:
   SIGSEGV: crash_handler in libjvm.dylib, mask=11100110000111110111111111111111, flags=SA_ONSTACK|SA_RESTART|SA_SIGINFO, unblocked
    SIGBUS: crash_handler in libjvm.dylib, mask=11100110000111110111111111111111, flags=SA_RESTART|SA_SIGINFO, unblocked
    SIGFPE: crash_handler in libjvm.dylib, mask=11100110000111110111111111111111, flags=SA_RESTART|SA_SIGINFO, unblocked
   SIGPIPE: javaSignalHandler in libjvm.dylib, mask=11100110000111110111111111111111, flags=SA_RESTART|SA_SIGINFO, blocked
   SIGXFSZ: javaSignalHandler in libjvm.dylib, mask=11100110000111110111111111111111, flags=SA_RESTART|SA_SIGINFO, blocked
    SIGILL: crash_handler in libjvm.dylib, mask=11100110000111110111111111111111, flags=SA_RESTART|SA_SIGINFO, unblocked
   SIGUSR2: SR_handler in libjvm.dylib, mask=00000000000000000000000000000000, flags=SA_RESTART|SA_SIGINFO, blocked
    SIGHUP: UserHandler in libjvm.dylib, mask=11100110000111110111111111111111, flags=SA_RESTART|SA_SIGINFO, blocked
    SIGINT: UserHandler in libjvm.dylib, mask=11100110000111110111111111111111, flags=SA_RESTART|SA_SIGINFO, blocked
   SIGTERM: UserHandler in libjvm.dylib, mask=11100110000111110111111111111111, flags=SA_RESTART|SA_SIGINFO, blocked
   SIGQUIT: UserHandler in libjvm.dylib, mask=11100110000111110111111111111111, flags=SA_RESTART|SA_SIGINFO, blocked
   SIGTRAP: crash_handler in libjvm.dylib, mask=11100110000111110111111111111111, flags=SA_RESTART|SA_SIGINFO, unblocked


Compilation memory statistics disabled.

Periodic native trim disabled

---------------  S Y S T E M  ---------------

OS:
uname: Darwin 25.3.0 Darwin Kernel Version 25.3.0: Wed Jan 28 20:54:55 PST 2026; root:xnu-12377.91.3~2/RELEASE_ARM64_T6031 arm64
OS uptime: 24 days 15:53 hours
rlimit (soft/hard): STACK 8176k/65520k , CORE 0k/infinity , NPROC 6000/9000 , NOFILE 1048576/infinity , AS infinity/infinity , CPU infinity/infinity , DATA infinity/infinity , FSIZE infinity/infinity , MEMLOCK infinity/infinity , RSS infinity/infinity
load average: 2.51 4.31 3.79

CPU: total 14 (initial active 14) 0x61:0x0:0x72015832:0, fp, asimd, aes, pmull, sha1, sha256, crc32, lse, sha3, sha512
machdep.cpu.brand_string:Apple M3 Max
hw.cachelinesize:128
hw.l1icachesize:131072
hw.l1dcachesize:65536
hw.l2cachesize:4194304

Memory: 16k page, physical 37748736k(2068160k free), swap 0k(0k free)

vm_info: OpenJDK 64-Bit Server VM (25.0.2+10-LTS) for bsd-aarch64 JRE (25.0.2+10-LTS), built on 2026-01-20T00:00:00Z with clang Apple LLVM 15.0.0 (clang-1500.1.0.2.5)

END.
