#
# A fatal error has been detected by the Java Runtime Environment:
#
#  SIGSEGV (0xb) at pc=0x000000022a4132ec, pid=79820, tid=259
#
# JRE version: OpenJDK Runtime Environment Temurin-25.0.2+10 (25.0.2+10) (build 25.0.2+10-LTS)
# Java VM: OpenJDK 64-Bit Server VM Temurin-25.0.2+10 (25.0.2+10-LTS, mixed mode, sharing, tiered, compressed oops, compressed class ptrs, g1 gc, bsd-aarch64)
# Problematic frame:
# C  [GLEngine+0x1142ec]  gleRunVertexSubmitImmediate+0xb38
#
# No core dump will be written. Core dumps have been disabled. To enable core dumping, try "ulimit -c unlimited" before starting Java again
#
# If you would like to submit a bug report, please visit:
#   https://github.com/adoptium/adoptium-support/issues
# The crash happened outside the Java Virtual Machine in native code.
# See problematic frame for where to report the bug.
#

---------------  S U M M A R Y ------------

Command Line: --enable-native-access=ALL-UNNAMED -XX:+ShowCodeDetailsInExceptionMessages Main

Host: "Mac15,11" arm64, 14 cores, 36G, Darwin 25.5.0, macOS 26.5.2 (25F84)
Time: Fri Jul 17 17:37:44 2026 PDT elapsed time: 0.690820 seconds (0d 0h 0m 0s)

---------------  T H R E A D  ---------------

Current thread (0x0000000104945b80):  JavaThread "main"             [_thread_in_native, id=259, stack(0x000000016b214000,0x000000016ba10000) (8176K)]

Stack: [0x000000016b214000,0x000000016ba10000],  sp=0x000000016ba0b950,  free space=8158k
Native frames: (J=compiled Java code, j=interpreted, Vv=VM code, C=native code)
C  [GLEngine+0x1142ec]  gleRunVertexSubmitImmediate+0xb38
C  [GLEngine+0x1547e0]  gleDrawArraysOrElements_ExecCore+0x250
C  [GLEngine+0xad50c]  glDrawArrays_GL3Exec+0x1d8
j  org.lwjgl.opengl.GL11C.glDrawArrays(III)V+0
j  org.lwjgl.opengl.GL11.glDrawArrays(III)V+3
j  com.mk.engine.buffers.vertexarrayobjects.VertexArrayObject.draw()V+40
j  com.mk.engine.nodes.Mesh.draw()V+12
j  com.mk.engine.nodes.Node.draw()V+32
j  Main.main([Ljava/lang/String;)V+1241
v  ~StubRoutines::call_stub 0x000000012248c154
V  [libjvm.dylib+0x4e6d70]  JavaCalls::call_helper(JavaValue*, methodHandle const&, JavaCallArguments*, JavaThread*)+0x3dc
V  [libjvm.dylib+0x56c670]  jni_invoke_static(JNIEnv_*, JavaValue*, _jobject*, JNICallType, _jmethodID*, JNI_ArgumentPusher*, JavaThread*)+0x174
V  [libjvm.dylib+0x570074]  jni_CallStaticVoidMethod+0xfc
C  [libjli.dylib+0xac68]  JavaMain+0x918
C  [libjli.dylib+0xd990]  __JVMInit_block_invoke+0x48
C  [Foundation+0x3e16c]  __NSBLOCKOPERATION_IS_CALLING_OUT_TO_A_BLOCK__+0x18
C  [Foundation+0x3e03c]  -[NSBlockOperation main]+0x58
C  [Foundation+0x3dfdc]  __NSOPERATION_IS_INVOKING_MAIN__+0x10
C  [Foundation+0x3d3e8]  -[NSOperation start]+0x280
C  [Foundation+0x78adc]  __NSThreadPerformPerform+0x108
C  [CoreFoundation+0x7df30]  __CFRUNLOOP_IS_CALLING_OUT_TO_A_SOURCE0_PERFORM_FUNCTION__+0x1c
C  [CoreFoundation+0x7dec4]  __CFRunLoopDoSource0+0xac
C  [CoreFoundation+0x7dc30]  __CFRunLoopDoSources0+0xe8
C  [CoreFoundation+0x7c854]  __CFRunLoopRun+0x334
C  [CoreFoundation+0x14f1c4]  _CFRunLoopRunSpecificWithOptions+0x214
C  [libjli.dylib+0xcf7c]  CreateExecutionEnvironment+0x19c
C  [libjli.dylib+0x8a34]  JLI_Launch+0x230
C  [java+0x3ba4]  main+0x194
C  [dyld+0x1fe00]  start+0x1b50
Java frames: (J=compiled Java code, j=interpreted, Vv=VM code)
j  org.lwjgl.opengl.GL11C.glDrawArrays(III)V+0
j  org.lwjgl.opengl.GL11.glDrawArrays(III)V+3
j  com.mk.engine.buffers.vertexarrayobjects.VertexArrayObject.draw()V+40
j  com.mk.engine.nodes.Mesh.draw()V+12
j  com.mk.engine.nodes.Node.draw()V+32
j  Main.main([Ljava/lang/String;)V+1241
v  ~StubRoutines::call_stub 0x000000012248c154

siginfo: si_signo: 11 (SIGSEGV), si_code: 2 (SEGV_ACCERR), si_addr: 0x0000000000000000

Registers:
 x0=0x00000008defa0000  x1=0x0000000000000000  x2=0x0000000000000000  x3=0x0000000000000000
 x4=0x0000000000000000  x5=0x00000008debe47b0  x6=0xffffffffbfc007ff  x7=0xfffff0003ffff800
 x8=0x0000000000000000  x9=0x0000001800040a02 x10=0x0000000000000001 x11=0x0000000000000000
x12=0x00000008defa0000 x13=0x00000000ffffffff x14=0x0000000000000000 x15=0x0000000000000004
x16=0x000000067ecf5820 x17=0x000000029e96d4d0 x18=0x0000000000000000 x19=0x00000008debe47b0
x20=0x0000000000000008 x21=0x0000000000000002 x22=0x00000000fffffffe x23=0x0000000000000001
x24=0x0000000000000001 x25=0x00000000ffffffff x26=0x0000000000000002 x27=0x0000000000000000
x28=0x0000020a00044900  fp=0x000000016ba0bb00  lr=0x000000022a4537e0  sp=0x000000016ba0b950
pc=0x000000022a4132ec cpsr=0x0000000060001000

Register to memory mapping:

x0 =0x00000008defa0000 points into unknown readable memory: 0x0000000000000000 | 00 00 00 00 00 00 00 00
x1 =0x0 is null
x2 =0x0 is null
x3 =0x0 is null
x4 =0x0 is null
x5 =0x00000008debe47b0 points into unknown readable memory: 0x0000001800040a02 | 02 0a 04 00 18 00 00 00
x6 =0xffffffffbfc007ff is an unknown value
x7 =0xfffff0003ffff800 is an unknown value
x8 =0x0 is null
x9 =0x0000001800040a02 is an unknown value
x10=0x0000000000000001 is an unknown value
x11=0x0 is null
x12=0x00000008defa0000 points into unknown readable memory: 0x0000000000000000 | 00 00 00 00 00 00 00 00
x13=0x00000000ffffffff is an unknown value
x14=0x0 is null
x15=0x0000000000000004 is an unknown value
x16=0x000000067ecf5820 is an unknown value
x17=0x000000029e96d4d0 points into unknown readable memory: 0x0000000184ba0944 | 44 09 ba 84 01 00 00 00
x18=0x0 is null
x19=0x00000008debe47b0 points into unknown readable memory: 0x0000001800040a02 | 02 0a 04 00 18 00 00 00
x20=0x0000000000000008 is an unknown value
x21=0x0000000000000002 is an unknown value
x22=0x00000000fffffffe is an unknown value
x23=0x0000000000000001 is an unknown value
x24=0x0000000000000001 is an unknown value
x25=0x00000000ffffffff is an unknown value
x26=0x0000000000000002 is an unknown value
x27=0x0 is null
x28=0x0000020a00044900 is an unknown value
 fp=0x000000016ba0bb00 is pointing into the stack for thread: 0x0000000104945b80
 lr=0x000000022a4537e0: gleDrawArraysOrElements_ExecCore+0x250 in /System/Library/Frameworks/OpenGL.framework/Versions/A/Resources/GLEngine.bundle/GLEngine at 0x000000022a2ff000
 sp=0x000000016ba0b950 is pointing into the stack for thread: 0x0000000104945b80

Top of Stack: (sp=0x000000016ba0b950)
0x000000016ba0b950:   447fc000447fc000 40400000447fc000   ...D...D...D..@@
0x000000016ba0b960:   bf800000bf800000 bf800000bf800000   ................
0x000000016ba0b970:   ffffffeaffffffea ffffffe2ffffffea   ................
0x000000016ba0b980:   0000000c00000016 0000000000000000   ................
0x000000016ba0b990:   0000000000000000 00000008defaa278   ........x.......
0x000000016ba0b9a0:   0000000000000000 000000016ba0ba40   ........@..k....
0x000000016ba0b9b0:   00000000fffffffe 00000008defa0000   ................
0x000000016ba0b9c0:   0000000000000000 0000000000000000   ................
0x000000016ba0b9d0:   0000000000000000 0000000000000000   ................
0x000000016ba0b9e0:   0000000000000000 0000000000000000   ................
0x000000016ba0b9f0:   0000000000000000 0000000110ff4fc4   .........O......
0x000000016ba0ba00:   0000000000000000 0000000000000000   ................
0x000000016ba0ba10:   0000000000000000 0000000000000000   ................
0x000000016ba0ba20:   0000000000000000 0000000111220000   ..........".....
0x000000016ba0ba30:   0000000111220240 0000000000000000   @.".............
0x000000016ba0ba40:   00000008defa3e70 00000008defa4080   p>.......@......
0x000000016ba0ba50:   00000008ddf84dc0 0000000000000024   .M......$.......
0x000000016ba0ba60:   02f6088957a300ae 00000008defbae80   ...W............
0x000000016ba0ba70:   0000000000000000 0000000000000000   ................
0x000000016ba0ba80:   000e1781000e1781 000003c10000745f   ........_t......
0x000000016ba0ba90:   0000000000000000 0000000000000000   ................
0x000000016ba0baa0:   3fe0000000000000 0000000000000000   .......?........
0x000000016ba0bab0:   00000008defaa280 00000008defaac48   ........H.......
0x000000016ba0bac0:   0000000000000024 0000000000000000   $...............
0x000000016ba0bad0:   00000008ddf84c18 0000000000000024   .L......$.......
0x000000016ba0bae0:   0000000000000000 0000000000000004   ................
0x000000016ba0baf0:   0000000000000024 00000008defa0000   $...............
0x000000016ba0bb00:   000000016ba0bc20 000000022a4537e0    ..k.....7E*....
0x000000016ba0bb10:   00000000fc000000 0000000000000024   ........$.......
0x000000016ba0bb20:   00000008ddf84a28 00000008ddf84e40   (J......@N......
0x000000016ba0bb30:   00000008defa5144 0000000000000001   DQ..............
0x000000016ba0bb40:   0000000000000000 0000000000000000   ................

Instructions: (pc=0x000000022a4132ec)
  0x000000022a4131ec:   e0 c7 00 bd bf 0a 00 71 00 3c 00 54 00 09 40 bd
  0x000000022a4131fc:   00 d8 21 5e e0 cb 00 bd bf 12 00 71 63 3b 00 54
  0x000000022a41320c:   00 0d 40 bd 00 d8 21 5e d7 01 00 14 bf 0e 00 71
  0x000000022a41321c:   00 09 00 54 bf 12 00 71 21 0b 00 54 08 01 40 f9
  0x000000022a41322c:   e8 3b 00 f9 56 00 00 14 e9 37 40 f9 29 01 0a 8b
  0x000000022a41323c:   20 01 40 bd e0 c3 00 bd 1f 01 48 71 e3 01 00 54
  0x000000022a41324c:   20 05 40 bd e0 c7 00 bd 0a fa bf 12 1f 01 0a 6b
  0x000000022a41325c:   49 01 00 54 20 09 40 bd e0 cb 00 bd 08 09 6c 92
  0x000000022a41326c:   1f 01 50 f1 a1 00 00 54 17 00 80 52 20 0d 40 bd
  0x000000022a41327c:   e0 cf 00 bd 41 00 00 14 17 00 80 52 3f 00 00 14
  0x000000022a41328c:   e9 37 40 f9 29 01 0b 8b 5f 05 00 71 81 00 00 54
  0x000000022a41329c:   20 01 40 bd e0 c3 00 bd 37 00 00 14 1f 01 44 71
  0x000000022a4132ac:   a3 06 00 54 20 01 40 fd e0 5b 00 fd 5f 11 00 71
  0x000000022a4132bc:   e0 05 00 54 5f 0d 00 71 e1 05 00 54 20 09 40 bd
  0x000000022a4132cc:   e0 cb 00 bd 2c 00 00 14 a9 12 00 51 3f 09 00 71
  0x000000022a4132dc:   62 05 00 54 08 01 40 b9 e8 3b 00 f9 28 00 00 14
=>0x000000022a4132ec:   08 01 40 79 e8 3b 00 f9 25 00 00 14 40 05 40 fd
  0x000000022a4132fc:   e0 5f 00 fd 29 09 04 12 08 01 1b 2a 03 01 09 2a
  0x000000022a41330c:   e0 43 03 91 e1 03 03 91 e2 c3 02 91 53 04 00 94
  0x000000022a41331c:   08 fe ff 17 bf 0e 00 71 00 02 00 54 bf 12 00 71
  0x000000022a41332c:   e1 02 00 54 00 01 c0 3d e0 2f 80 3d 14 00 00 14
  0x000000022a41333c:   09 01 40 b9 08 09 40 79 e9 23 07 a9 10 00 00 14
  0x000000022a41334c:   08 01 40 39 e8 3b 00 f9 0d 00 00 14 00 01 40 bd
  0x000000022a41335c:   e0 c3 00 bd 0a 00 00 14 00 01 40 fd e0 5b 00 fd
  0x000000022a41336c:   00 09 40 bd e0 cb 00 bd 05 00 00 14 20 05 40 fd
  0x000000022a41337c:   e0 5f 00 fd b7 00 80 52 d8 00 80 52 08 00 a2 52
  0x000000022a41338c:   08 45 1c 0b 08 09 04 12 16 51 15 2a 9c 50 b0 37
  0x000000022a41339c:   d6 02 1b 2a ff 0a 00 71 ac 02 00 54 97 05 00 34
  0x000000022a4133ac:   ff 06 00 71 00 08 00 54 ff 0a 00 71 81 4f 00 54
  0x000000022a4133bc:   09 00 80 d2 d6 5e 18 2a bf 0e 00 71 e8 10 00 54
  0x000000022a4133cc:   0a 00 a8 52 1f 01 0a 6b 81 10 00 54 c9 6e 17 53
  0x000000022a4133dc:   29 29 00 51 3f 11 00 71 e8 0f 00 54 2a 02 00 90


Stack slot to memory mapping:

stack at sp + 0 slots: 0x447fc000447fc000 is an unknown value
stack at sp + 1 slots: 0x40400000447fc000 is an unknown value
stack at sp + 2 slots: 0xbf800000bf800000 is an unknown value
stack at sp + 3 slots: 0xbf800000bf800000 is an unknown value
stack at sp + 4 slots: 0xffffffeaffffffea is an unknown value
stack at sp + 5 slots: 0xffffffe2ffffffea is an unknown value
stack at sp + 6 slots: 0x0000000c00000016 is an unknown value
stack at sp + 7 slots: 0x0 is null

Lock stack of current Java thread (top to bottom):


---------------  P R O C E S S  ---------------

Threads class SMR info:
_java_thread_list=0x00000008deb8d580, length=11, elements={
0x0000000104945b80, 0x00000008e101c000, 0x00000008e101c800, 0x00000008e101d000,
0x00000008e101d800, 0x00000008e101e000, 0x00000008e04cd400, 0x00000008e04cde00,
0x00000008e101e800, 0x00000008e101f000, 0x00000008deb3a800
}

Java Threads: ( => current thread )
=>0x0000000104945b80 JavaThread "main"                              [_thread_in_native, id=259, stack(0x000000016b214000,0x000000016ba10000) (8176K)]
  0x00000008e101c000 JavaThread "Reference Handler"          daemon [_thread_blocked, id=23299, stack(0x000000016ca0c000,0x000000016cc0f000) (2060K)]
  0x00000008e101c800 JavaThread "Finalizer"                  daemon [_thread_blocked, id=28675, stack(0x000000016cc18000,0x000000016ce1b000) (2060K)]
  0x00000008e101d000 JavaThread "Signal Dispatcher"          daemon [_thread_blocked, id=28419, stack(0x000000016ce24000,0x000000016d027000) (2060K)]
  0x00000008e101d800 JavaThread "Service Thread"             daemon [_thread_blocked, id=27907, stack(0x000000016d030000,0x000000016d233000) (2060K)]
  0x00000008e101e000 JavaThread "Monitor Deflation Thread"   daemon [_thread_blocked, id=24323, stack(0x000000016d23c000,0x000000016d43f000) (2060K)]
  0x00000008e04cd400 JavaThread "C2 CompilerThread0"         daemon [_thread_blocked, id=24835, stack(0x000000016d448000,0x000000016d64b000) (2060K)]
  0x00000008e04cde00 JavaThread "C1 CompilerThread0"         daemon [_thread_blocked, id=27395, stack(0x000000016d654000,0x000000016d857000) (2060K)]
  0x00000008e101e800 JavaThread "Notification Thread"        daemon [_thread_blocked, id=25347, stack(0x000000016d860000,0x000000016da63000) (2060K)]
  0x00000008e101f000 JavaThread "Common-Cleaner"             daemon [_thread_blocked, id=25859, stack(0x000000016da6c000,0x000000016dc6f000) (2060K)]
  0x00000008deb3a800 JavaThread "C2 CompilerThread1"         daemon [_thread_blocked, id=26115, stack(0x000000016dc78000,0x000000016de7b000) (2060K)]
Total: 11

Other Threads:
  0x00000008e14fd800 VMThread "VM Thread"                           [id=19459, stack(0x000000016c6e8000,0x000000016c8eb000) (2060K)]
  0x00000008e14fd400 WatcherThread "VM Periodic Task Thread"        [id=21263, stack(0x000000016c4dc000,0x000000016c6df000) (2060K)]
  0x0000000104950c70 WorkerThread "GC Thread#0"                     [id=14595, stack(0x000000016baa0000,0x000000016bca3000) (2060K)]
  0x0000000104951db0 ConcurrentGCThread "G1 Main Marker"            [id=14083, stack(0x000000016bcac000,0x000000016beaf000) (2060K)]
  0x00000008e04ac000 WorkerThread "G1 Conc#0"                       [id=12803, stack(0x000000016beb8000,0x000000016c0bb000) (2060K)]
  0x00000008e04ac500 ConcurrentGCThread "G1 Refine#0"               [id=13315, stack(0x000000016c0c4000,0x000000016c2c7000) (2060K)]
  0x00000008e04aca00 ConcurrentGCThread "G1 Service"                [id=21507, stack(0x000000016c2d0000,0x000000016c4d3000) (2060K)]
Total: 7

Threads with active compile tasks:
Total: 0

VM state: not at safepoint (normal execution)

VM Mutex/Monitor currently owned by a thread: None

Heap address: 0x0000000320000000, size: 9216 MB, Compressed Oops mode: Zero based, Oop shift amount: 3

CDS archive(s) mapped at: [0x00001fff00000000-0x00001fff00d94000-0x00001fff00d94000), size 14237696, SharedBaseAddress: 0x00001fff00000000, ArchiveRelocationMode: 1.
Compressed class space mapped at: 0x00001fff01000000-0x00001fff41000000, reserved size: 1073741824
UseCompressedClassPointers 1, UseCompactObjectHeaders 0
Narrow klass pointer bits 32, Max shift 3
Narrow klass base: 0x00001fff00000000, Narrow klass shift: 0
Encoding Range: [0x00001fff00000000 - 0x0000200000000000), (4294967296 bytes)
Klass Range:    [0x00001fff00004000 - 0x00001fff41000000), (1090502656 bytes)
Klass ID Range:  [16384 - 1090519033) (1090502649)
Protection zone: [0x00001fff00000000 - 0x00001fff00004000), (16384 bytes)

GC Precious Log:
 CardTable entry size: 512
 Card Set container configuration: InlinePtr #cards 4 size 8 Array Of Cards #cards 64 size 144 Howl #buckets 8 coarsen threshold 14745 Howl Bitmap #cards 2048 size 272 coarsen threshold 1843 Card regions per heap region 1 cards per card region 16384
 CPUs: 14 total, 14 available
 Memory: 36864M
 Large Page Support: Disabled
 NUMA Support: Disabled
 Compressed Oops: Enabled (Zero based)
 Heap Region Size: 8M
 Heap Min Capacity: 8M
 Heap Initial Capacity: 576M
 Heap Max Capacity: 9G
 Pre-touch: Disabled
 Parallel Workers: 11
 Concurrent Workers: 3
 Concurrent Refinement Workers: 11
 Periodic GC: Disabled

Heap:
 garbage-first heap   total reserved 9437184K, committed 598016K, used 33918K [0x0000000320000000, 0x0000000560000000)
  region size 8192K, 5 young (40960K), 0 survivors (0K)

Heap Regions: E=young(eden), S=young(survivor), O=old, HS=humongous(starts), HC=humongous(continues), CS=collection set, F=free, TAMS=top-at-mark-start, PB=parsable bottom
|   0|0x0000000320000000, 0x0000000320000000, 0x0000000320800000|  0%| F|  |TAMS 0x0000000320000000| PB 0x0000000320000000| Untracked |  0
|   1|0x0000000320800000, 0x0000000320800000, 0x0000000321000000|  0%| F|  |TAMS 0x0000000320800000| PB 0x0000000320800000| Untracked |  0
|   2|0x0000000321000000, 0x0000000321000000, 0x0000000321800000|  0%| F|  |TAMS 0x0000000321000000| PB 0x0000000321000000| Untracked |  0
|   3|0x0000000321800000, 0x0000000321800000, 0x0000000322000000|  0%| F|  |TAMS 0x0000000321800000| PB 0x0000000321800000| Untracked |  0
|   4|0x0000000322000000, 0x0000000322000000, 0x0000000322800000|  0%| F|  |TAMS 0x0000000322000000| PB 0x0000000322000000| Untracked |  0
|   5|0x0000000322800000, 0x0000000322800000, 0x0000000323000000|  0%| F|  |TAMS 0x0000000322800000| PB 0x0000000322800000| Untracked |  0
|   6|0x0000000323000000, 0x0000000323000000, 0x0000000323800000|  0%| F|  |TAMS 0x0000000323000000| PB 0x0000000323000000| Untracked |  0
|   7|0x0000000323800000, 0x0000000323800000, 0x0000000324000000|  0%| F|  |TAMS 0x0000000323800000| PB 0x0000000323800000| Untracked |  0
|   8|0x0000000324000000, 0x0000000324000000, 0x0000000324800000|  0%| F|  |TAMS 0x0000000324000000| PB 0x0000000324000000| Untracked |  0
|   9|0x0000000324800000, 0x0000000324800000, 0x0000000325000000|  0%| F|  |TAMS 0x0000000324800000| PB 0x0000000324800000| Untracked |  0
|  10|0x0000000325000000, 0x0000000325000000, 0x0000000325800000|  0%| F|  |TAMS 0x0000000325000000| PB 0x0000000325000000| Untracked |  0
|  11|0x0000000325800000, 0x0000000325800000, 0x0000000326000000|  0%| F|  |TAMS 0x0000000325800000| PB 0x0000000325800000| Untracked |  0
|  12|0x0000000326000000, 0x0000000326000000, 0x0000000326800000|  0%| F|  |TAMS 0x0000000326000000| PB 0x0000000326000000| Untracked |  0
|  13|0x0000000326800000, 0x0000000326800000, 0x0000000327000000|  0%| F|  |TAMS 0x0000000326800000| PB 0x0000000326800000| Untracked |  0
|  14|0x0000000327000000, 0x0000000327000000, 0x0000000327800000|  0%| F|  |TAMS 0x0000000327000000| PB 0x0000000327000000| Untracked |  0
|  15|0x0000000327800000, 0x0000000327800000, 0x0000000328000000|  0%| F|  |TAMS 0x0000000327800000| PB 0x0000000327800000| Untracked |  0
|  16|0x0000000328000000, 0x0000000328000000, 0x0000000328800000|  0%| F|  |TAMS 0x0000000328000000| PB 0x0000000328000000| Untracked |  0
|  17|0x0000000328800000, 0x0000000328800000, 0x0000000329000000|  0%| F|  |TAMS 0x0000000328800000| PB 0x0000000328800000| Untracked |  0
|  18|0x0000000329000000, 0x0000000329000000, 0x0000000329800000|  0%| F|  |TAMS 0x0000000329000000| PB 0x0000000329000000| Untracked |  0
|  19|0x0000000329800000, 0x0000000329800000, 0x000000032a000000|  0%| F|  |TAMS 0x0000000329800000| PB 0x0000000329800000| Untracked |  0
|  20|0x000000032a000000, 0x000000032a000000, 0x000000032a800000|  0%| F|  |TAMS 0x000000032a000000| PB 0x000000032a000000| Untracked |  0
|  21|0x000000032a800000, 0x000000032a800000, 0x000000032b000000|  0%| F|  |TAMS 0x000000032a800000| PB 0x000000032a800000| Untracked |  0
|  22|0x000000032b000000, 0x000000032b000000, 0x000000032b800000|  0%| F|  |TAMS 0x000000032b000000| PB 0x000000032b000000| Untracked |  0
|  23|0x000000032b800000, 0x000000032b800000, 0x000000032c000000|  0%| F|  |TAMS 0x000000032b800000| PB 0x000000032b800000| Untracked |  0
|  24|0x000000032c000000, 0x000000032c000000, 0x000000032c800000|  0%| F|  |TAMS 0x000000032c000000| PB 0x000000032c000000| Untracked |  0
|  25|0x000000032c800000, 0x000000032c800000, 0x000000032d000000|  0%| F|  |TAMS 0x000000032c800000| PB 0x000000032c800000| Untracked |  0
|  26|0x000000032d000000, 0x000000032d000000, 0x000000032d800000|  0%| F|  |TAMS 0x000000032d000000| PB 0x000000032d000000| Untracked |  0
|  27|0x000000032d800000, 0x000000032d800000, 0x000000032e000000|  0%| F|  |TAMS 0x000000032d800000| PB 0x000000032d800000| Untracked |  0
|  28|0x000000032e000000, 0x000000032e000000, 0x000000032e800000|  0%| F|  |TAMS 0x000000032e000000| PB 0x000000032e000000| Untracked |  0
|  29|0x000000032e800000, 0x000000032e800000, 0x000000032f000000|  0%| F|  |TAMS 0x000000032e800000| PB 0x000000032e800000| Untracked |  0
|  30|0x000000032f000000, 0x000000032f000000, 0x000000032f800000|  0%| F|  |TAMS 0x000000032f000000| PB 0x000000032f000000| Untracked |  0
|  31|0x000000032f800000, 0x000000032f800000, 0x0000000330000000|  0%| F|  |TAMS 0x000000032f800000| PB 0x000000032f800000| Untracked |  0
|  32|0x0000000330000000, 0x0000000330000000, 0x0000000330800000|  0%| F|  |TAMS 0x0000000330000000| PB 0x0000000330000000| Untracked |  0
|  33|0x0000000330800000, 0x0000000330800000, 0x0000000331000000|  0%| F|  |TAMS 0x0000000330800000| PB 0x0000000330800000| Untracked |  0
|  34|0x0000000331000000, 0x0000000331000000, 0x0000000331800000|  0%| F|  |TAMS 0x0000000331000000| PB 0x0000000331000000| Untracked |  0
|  35|0x0000000331800000, 0x0000000331800000, 0x0000000332000000|  0%| F|  |TAMS 0x0000000331800000| PB 0x0000000331800000| Untracked |  0
|  36|0x0000000332000000, 0x0000000332000000, 0x0000000332800000|  0%| F|  |TAMS 0x0000000332000000| PB 0x0000000332000000| Untracked |  0
|  37|0x0000000332800000, 0x0000000332800000, 0x0000000333000000|  0%| F|  |TAMS 0x0000000332800000| PB 0x0000000332800000| Untracked |  0
|  38|0x0000000333000000, 0x0000000333000000, 0x0000000333800000|  0%| F|  |TAMS 0x0000000333000000| PB 0x0000000333000000| Untracked |  0
|  39|0x0000000333800000, 0x0000000333800000, 0x0000000334000000|  0%| F|  |TAMS 0x0000000333800000| PB 0x0000000333800000| Untracked |  0
|  40|0x0000000334000000, 0x0000000334000000, 0x0000000334800000|  0%| F|  |TAMS 0x0000000334000000| PB 0x0000000334000000| Untracked |  0
|  41|0x0000000334800000, 0x0000000334800000, 0x0000000335000000|  0%| F|  |TAMS 0x0000000334800000| PB 0x0000000334800000| Untracked |  0
|  42|0x0000000335000000, 0x0000000335000000, 0x0000000335800000|  0%| F|  |TAMS 0x0000000335000000| PB 0x0000000335000000| Untracked |  0
|  43|0x0000000335800000, 0x0000000335800000, 0x0000000336000000|  0%| F|  |TAMS 0x0000000335800000| PB 0x0000000335800000| Untracked |  0
|  44|0x0000000336000000, 0x0000000336000000, 0x0000000336800000|  0%| F|  |TAMS 0x0000000336000000| PB 0x0000000336000000| Untracked |  0
|  45|0x0000000336800000, 0x0000000336800000, 0x0000000337000000|  0%| F|  |TAMS 0x0000000336800000| PB 0x0000000336800000| Untracked |  0
|  46|0x0000000337000000, 0x0000000337000000, 0x0000000337800000|  0%| F|  |TAMS 0x0000000337000000| PB 0x0000000337000000| Untracked |  0
|  47|0x0000000337800000, 0x0000000337800000, 0x0000000338000000|  0%| F|  |TAMS 0x0000000337800000| PB 0x0000000337800000| Untracked |  0
|  48|0x0000000338000000, 0x0000000338000000, 0x0000000338800000|  0%| F|  |TAMS 0x0000000338000000| PB 0x0000000338000000| Untracked |  0
|  49|0x0000000338800000, 0x0000000338800000, 0x0000000339000000|  0%| F|  |TAMS 0x0000000338800000| PB 0x0000000338800000| Untracked |  0
|  50|0x0000000339000000, 0x0000000339000000, 0x0000000339800000|  0%| F|  |TAMS 0x0000000339000000| PB 0x0000000339000000| Untracked |  0
|  51|0x0000000339800000, 0x0000000339800000, 0x000000033a000000|  0%| F|  |TAMS 0x0000000339800000| PB 0x0000000339800000| Untracked |  0
|  52|0x000000033a000000, 0x000000033a000000, 0x000000033a800000|  0%| F|  |TAMS 0x000000033a000000| PB 0x000000033a000000| Untracked |  0
|  53|0x000000033a800000, 0x000000033a800000, 0x000000033b000000|  0%| F|  |TAMS 0x000000033a800000| PB 0x000000033a800000| Untracked |  0
|  54|0x000000033b000000, 0x000000033b000000, 0x000000033b800000|  0%| F|  |TAMS 0x000000033b000000| PB 0x000000033b000000| Untracked |  0
|  55|0x000000033b800000, 0x000000033b800000, 0x000000033c000000|  0%| F|  |TAMS 0x000000033b800000| PB 0x000000033b800000| Untracked |  0
|  56|0x000000033c000000, 0x000000033c000000, 0x000000033c800000|  0%| F|  |TAMS 0x000000033c000000| PB 0x000000033c000000| Untracked |  0
|  57|0x000000033c800000, 0x000000033c800000, 0x000000033d000000|  0%| F|  |TAMS 0x000000033c800000| PB 0x000000033c800000| Untracked |  0
|  58|0x000000033d000000, 0x000000033d000000, 0x000000033d800000|  0%| F|  |TAMS 0x000000033d000000| PB 0x000000033d000000| Untracked |  0
|  59|0x000000033d800000, 0x000000033d800000, 0x000000033e000000|  0%| F|  |TAMS 0x000000033d800000| PB 0x000000033d800000| Untracked |  0
|  60|0x000000033e000000, 0x000000033e000000, 0x000000033e800000|  0%| F|  |TAMS 0x000000033e000000| PB 0x000000033e000000| Untracked |  0
|  61|0x000000033e800000, 0x000000033e800000, 0x000000033f000000|  0%| F|  |TAMS 0x000000033e800000| PB 0x000000033e800000| Untracked |  0
|  62|0x000000033f000000, 0x000000033f000000, 0x000000033f800000|  0%| F|  |TAMS 0x000000033f000000| PB 0x000000033f000000| Untracked |  0
|  63|0x000000033f800000, 0x000000033f800000, 0x0000000340000000|  0%| F|  |TAMS 0x000000033f800000| PB 0x000000033f800000| Untracked |  0
|  64|0x0000000340000000, 0x0000000340000000, 0x0000000340800000|  0%| F|  |TAMS 0x0000000340000000| PB 0x0000000340000000| Untracked |  0
|  65|0x0000000340800000, 0x0000000340800000, 0x0000000341000000|  0%| F|  |TAMS 0x0000000340800000| PB 0x0000000340800000| Untracked |  0
|  66|0x0000000341000000, 0x0000000341000000, 0x0000000341800000|  0%| F|  |TAMS 0x0000000341000000| PB 0x0000000341000000| Untracked |  0
|  67|0x0000000341800000, 0x00000003419fb1a0, 0x0000000342000000| 24%| E|  |TAMS 0x0000000341800000| PB 0x0000000341800000| Complete |  0
|  68|0x0000000342000000, 0x0000000342800000, 0x0000000342800000|100%| E|CS|TAMS 0x0000000342000000| PB 0x0000000342000000| Complete |  0
|  69|0x0000000342800000, 0x0000000343000000, 0x0000000343000000|100%| E|CS|TAMS 0x0000000342800000| PB 0x0000000342800000| Complete |  0
|  70|0x0000000343000000, 0x0000000343800000, 0x0000000343800000|100%| E|CS|TAMS 0x0000000343000000| PB 0x0000000343000000| Complete |  0
|  71|0x0000000343800000, 0x0000000344000000, 0x0000000344000000|100%| E|CS|TAMS 0x0000000343800000| PB 0x0000000343800000| Complete |  0
|1151|0x000000055f800000, 0x000000055f91f8b0, 0x0000000560000000| 14%| O|  |TAMS 0x000000055f800000| PB 0x000000055f800000| Untracked |  0

Card table byte_map: [0x000000012b158000,0x000000012c358000] _byte_map_base: 0x0000000129858000

Marking Bits: (CMBitMap*) 0x0000000104951440
 Bits: [0x000000012c358000, 0x0000000135358000)

Polling page: 0x0000000104418000

Metaspace:
Metaspace        used 9745K, committed 10304K, reserved 1114112K
 class space     used 732K, committed 960K, reserved 1048576K

Usage:
  Non-class:      8.80 MB used.
      Class:    732.39 KB used.
       Both:      9.52 MB used.

Virtual space:
  Non-class space:       64.00 MB reserved,       9.12 MB ( 14%) committed,  1 nodes.
      Class space:        1.00 GB reserved,     960.00 KB ( <1%) committed,  1 nodes.
             Both:        1.06 GB reserved,      10.06 MB ( <1%) committed. 

Chunk freelists:
   Non-Class:  6.17 MB
       Class:  14.93 MB
        Both:  21.10 MB

MaxMetaspaceSize: unlimited
CompressedClassSpaceSize: 1.00 GB
Initial GC threshold: 21.00 MB
Current GC threshold: 21.00 MB
CDS: on
 - commit_granule_bytes: 65536.
 - commit_granule_words: 8192.
 - virtual_space_node_default_size: 8388608.
 - enlarge_chunks_in_place: 1.
UseCompressedClassPointers 1, UseCompactObjectHeaders 0
Narrow klass pointer bits 32, Max shift 3
Narrow klass base: 0x00001fff00000000, Narrow klass shift: 0
Encoding Range: [0x00001fff00000000 - 0x0000200000000000), (4294967296 bytes)
Klass Range:    [0x00001fff00004000 - 0x00001fff41000000), (1090502656 bytes)
Klass ID Range:  [16384 - 1090519033) (1090502649)
Protection zone: [0x00001fff00000000 - 0x00001fff00004000), (16384 bytes)


Internal statistics:

num_allocs_failed_limit: 0.
num_arena_births: 586.
num_arena_deaths: 0.
num_vsnodes_births: 2.
num_vsnodes_deaths: 0.
num_space_committed: 160.
num_space_uncommitted: 0.
num_chunks_returned_to_freelist: 0.
num_chunks_taken_from_freelist: 991.
num_chunk_merges: 0.
num_chunk_splits: 691.
num_chunks_enlarged: 445.
num_inconsistent_stats: 0.

CodeHeap 'non-profiled nmethods': size=120048Kb used=428Kb max_used=428Kb free=119620Kb
 bounds [0x0000000122a1c000, 0x0000000122c8c000, 0x0000000129f58000]
CodeHeap 'profiled nmethods': size=120016Kb used=2689Kb max_used=2689Kb free=117326Kb
 bounds [0x000000011af58000, 0x000000011b208000, 0x000000012248c000]
CodeHeap 'non-nmethods': size=5696Kb used=2290Kb max_used=2304Kb free=3405Kb
 bounds [0x000000012248c000, 0x00000001226fc000, 0x0000000122a1c000]
CodeCache: size=245760Kb, used=5407Kb, max_used=5421Kb, free=240351Kb
 total_blobs=3486, nmethods=1839, adapters=1542, full_count=0
Compilation: enabled, stopped_count=0, restarted_count=0

Compilation events (20 events):
Event: 0.684 Thread 0x00000008e04cde00 1835   !   3       java.lang.invoke.LambdaForm::compileToBytecode (164 bytes)
Event: 0.685 Thread 0x00000008e04cde00 nmethod 1835 0x000000011b1f5f88 code [0x000000011b1f6080, 0x000000011b1f6a28]
Event: 0.685 Thread 0x00000008e04cde00 1836       3       java.lang.invoke.InvokerBytecodeGenerator::resolveFrom (81 bytes)
Event: 0.685 Thread 0x00000008e04cd400 1840       4       jdk.internal.classfile.impl.DirectMethodBuilder::methodTypeSymbol (8 bytes)
Event: 0.685 Thread 0x00000008e04cde00 nmethod 1836 0x000000011b1f6a48 code [0x000000011b1f6b40, 0x000000011b1f6e50]
Event: 0.685 Thread 0x00000008e04cde00 1837       3       java.lang.invoke.MethodHandleStatics::traceLambdaForm (96 bytes)
Event: 0.685 Thread 0x00000008e04cde00 nmethod 1837 0x000000011b1f6e88 code [0x000000011b1f6f80, 0x000000011b1f7100]
Event: 0.685 Thread 0x00000008e04cde00 1841       3       java.nio.Buffer::nextGetIndex (32 bytes)
Event: 0.685 Thread 0x00000008e04cde00 nmethod 1841 0x000000011b1f7108 code [0x000000011b1f7200, 0x000000011b1f7420]
Event: 0.685 Thread 0x00000008e04cde00 1843       3       sun.reflect.generics.parser.SignatureParser::skipIdentifier (67 bytes)
Event: 0.685 Thread 0x00000008e04cde00 nmethod 1843 0x000000011b1f7448 code [0x000000011b1f7540, 0x000000011b1f7b30]
Event: 0.685 Thread 0x00000008e04cde00 1844       3       java.util.Optional::isPresent (13 bytes)
Event: 0.685 Thread 0x00000008e04cde00 nmethod 1844 0x000000011b1f7b48 code [0x000000011b1f7c40, 0x000000011b1f7dc0]
Event: 0.685 Thread 0x00000008e04cde00 1842       3       java.nio.HeapByteBuffer::byteOffset (7 bytes)
Event: 0.685 Thread 0x00000008e04cd400 nmethod 1840 0x0000000122a86948 code [0x0000000122a86a40, 0x0000000122a86b68]
Event: 0.685 Thread 0x00000008e04cde00 nmethod 1842 0x000000011b1f7dc8 code [0x000000011b1f7ec0, 0x000000011b1f7fe8]
Event: 0.688 Thread 0x00000008e04cde00 1848       3       java.io.File::exists (18 bytes)
Event: 0.688 Thread 0x00000008e04cde00 nmethod 1848 0x000000011b1f8008 code [0x000000011b1f8100, 0x000000011b1f83c8]
Event: 0.689 Thread 0x00000008e04cde00 1849       3       java.util.List::of (4 bytes)
Event: 0.689 Thread 0x00000008e04cde00 nmethod 1849 0x000000011b1f8408 code [0x000000011b1f8500, 0x000000011b1f85e8]

GC Heap Usage History (0 events):
No events

Metaspace Usage History (0 events):
No events

Dll operation events (9 events):
Event: 0.006 Loaded shared library /Library/Java/JavaVirtualMachines/temurin-25.jdk/Contents/Home/lib/libjava.dylib
Event: 0.032 Loaded shared library /Library/Java/JavaVirtualMachines/temurin-25.jdk/Contents/Home/lib/libnio.dylib
Event: 0.041 Loaded shared library /Library/Java/JavaVirtualMachines/temurin-25.jdk/Contents/Home/lib/libzip.dylib
Event: 0.073 Loaded shared library /Library/Java/JavaVirtualMachines/temurin-25.jdk/Contents/Home/lib/libjimage.dylib
Event: 0.076 Loaded shared library /Library/Java/JavaVirtualMachines/temurin-25.jdk/Contents/Home/lib/libnet.dylib
Event: 0.083 Loaded shared library /private/var/folders/p7/vhv4lqg12pj2spxrn1n67ks00000gn/T/lwjgl_matthew/3.4.1+2/arm64/liblwjgl.dylib
Event: 0.533 Loaded shared library /private/var/folders/p7/vhv4lqg12pj2spxrn1n67ks00000gn/T/lwjgl_matthew/3.4.1+2/arm64/liblwjgl_opengl.dylib
Event: 0.595 Loaded shared library /Library/Java/JavaVirtualMachines/temurin-25.jdk/Contents/Home/lib/libverify.dylib
Event: 0.619 Loaded shared library /private/var/folders/p7/vhv4lqg12pj2spxrn1n67ks00000gn/T/lwjgl_matthew/3.4.1+2/arm64/liblwjgl_stb.dylib

Deoptimization events (20 events):
Event: 0.631 Thread 0x0000000104945b80 DEOPT PACKING pc=0x0000000122a83904 sp=0x000000016ba08920
Event: 0.631 Thread 0x0000000104945b80 DEOPT UNPACKING pc=0x000000012259f2dc sp=0x000000016ba088a0 mode 2
Event: 0.632 Thread 0x0000000104945b80 Uncommon trap: trap_request=0xffffff45 fr.pc=0x0000000122a2a010 relative=0x00000000000000d0
Event: 0.632 Thread 0x0000000104945b80 Uncommon trap: reason=unstable_if action=reinterpret pc=0x0000000122a2a010 method=java.lang.String.isLatin1()Z @ 10 c2
Event: 0.632 Thread 0x0000000104945b80 DEOPT PACKING pc=0x0000000122a2a010 sp=0x000000016ba0a5e0
Event: 0.632 Thread 0x0000000104945b80 DEOPT UNPACKING pc=0x000000012259f2dc sp=0x000000016ba0a520 mode 2
Event: 0.633 Thread 0x0000000104945b80 DEOPT PACKING pc=0x000000011b035b34 sp=0x000000016ba0a500
Event: 0.633 Thread 0x0000000104945b80 DEOPT UNPACKING pc=0x00000001224c90bc sp=0x000000016ba0a1b0 mode 3
Event: 0.633 Thread 0x0000000104945b80 Uncommon trap: trap_request=0xffffff45 fr.pc=0x0000000122a28834 relative=0x0000000000000074
Event: 0.633 Thread 0x0000000104945b80 Uncommon trap: reason=unstable_if action=reinterpret pc=0x0000000122a28834 method=java.lang.String.isLatin1()Z @ 10 c2
Event: 0.633 Thread 0x0000000104945b80 DEOPT PACKING pc=0x0000000122a28834 sp=0x000000016ba09b20
Event: 0.633 Thread 0x0000000104945b80 DEOPT UNPACKING pc=0x000000012259f2dc sp=0x000000016ba09ac0 mode 2
Event: 0.640 Thread 0x0000000104945b80 Uncommon trap: trap_request=0xfffffff4 fr.pc=0x0000000122a7a838 relative=0x0000000000000138
Event: 0.640 Thread 0x0000000104945b80 Uncommon trap: reason=null_check action=make_not_entrant pc=0x0000000122a7a838 method=java.lang.reflect.Array.newInstance(Ljava/lang/Class;I)Ljava/lang/Object; @ 2 c2
Event: 0.640 Thread 0x0000000104945b80 DEOPT PACKING pc=0x0000000122a7a838 sp=0x000000016ba0a780
Event: 0.640 Thread 0x0000000104945b80 DEOPT UNPACKING pc=0x000000012259f2dc sp=0x000000016ba0a720 mode 2
Event: 0.680 Thread 0x0000000104945b80 Uncommon trap: trap_request=0xffffff6e fr.pc=0x0000000122a84aa8 relative=0x00000000000001a8
Event: 0.680 Thread 0x0000000104945b80 Uncommon trap: reason=predicate action=maybe_recompile pc=0x0000000122a84aa8 method=java.util.regex.Pattern$BmpCharPropertyGreedy.match(Ljava/util/regex/Matcher;ILjava/lang/CharSequence;)Z @ 12 c2
Event: 0.680 Thread 0x0000000104945b80 DEOPT PACKING pc=0x0000000122a84aa8 sp=0x000000016ba0ba20
Event: 0.680 Thread 0x0000000104945b80 DEOPT UNPACKING pc=0x000000012259f2dc sp=0x000000016ba0b9b0 mode 2

Classes loaded (20 events):
Event: 0.640 Loading class java/util/stream/WhileOps$1Op
Event: 0.640 Loading class java/util/stream/WhileOps$DropWhileOp
Event: 0.641 Loading class java/util/stream/WhileOps$DropWhileOp done
Event: 0.641 Loading class java/util/stream/WhileOps$1Op done
Event: 0.641 Loading class java/util/stream/SliceOps
Event: 0.641 Loading class java/util/stream/SliceOps done
Event: 0.641 Loading class java/util/stream/SliceOps$1
Event: 0.641 Loading class java/util/stream/SliceOps$1 done
Event: 0.641 Loading class java/util/stream/SliceOps$1$1
Event: 0.641 Loading class java/util/stream/SliceOps$1$1 done
Event: 0.641 Loading class java/util/stream/WhileOps$1Op$1OpSink
Event: 0.641 Loading class java/util/stream/WhileOps$DropWhileSink
Event: 0.641 Loading class java/util/stream/WhileOps$DropWhileSink done
Event: 0.641 Loading class java/util/stream/WhileOps$1Op$1OpSink done
Event: 0.676 Loading class java/lang/InstantiationException
Event: 0.676 Loading class java/lang/InstantiationException done
Event: 0.687 Loading class java/lang/NumberFormatException
Event: 0.687 Loading class java/lang/NumberFormatException done
Event: 0.688 Loading class java/lang/MatchException
Event: 0.688 Loading class java/lang/MatchException done

Classes unloaded (0 events):
No events

Classes redefined (0 events):
No events

Internal exceptions (20 events):
Event: 0.527 Thread 0x0000000104945b80 Exception <a 'java/lang/NoSuchMethodError'{0x000000034200f128}: 'void java.lang.invoke.Invokers$Holder.invokeExact_MT(java.lang.Object, long, int, java.lang.Object)'> (0x000000034200f128) 
thrown [src/hotspot/share/interpreter/linkResolver.cpp, line 804]
Event: 0.529 Thread 0x0000000104945b80 Exception <a 'java/lang/NoSuchMethodError'{0x000000034202b848}: 'void java.lang.System.load(java.lang.String, java.lang.Class)'> (0x000000034202b848) 
thrown [src/hotspot/share/interpreter/linkResolver.cpp, line 804]
Event: 0.530 Thread 0x0000000104945b80 Exception <a 'java/lang/NoSuchMethodError'{0x0000000342033628}: 'void java.lang.System.loadLibrary(java.lang.String, java.lang.Class)'> (0x0000000342033628) 
thrown [src/hotspot/share/interpreter/linkResolver.cpp, line 804]
Event: 0.543 Thread 0x0000000104945b80 Exception <a 'java/lang/NoSuchMethodError'{0x00000003420d3748}: 'void java.lang.invoke.DirectMethodHandle$Holder.invokeStatic(java.lang.Object, java.lang.Object, java.lang.Object, int, long)'> (0x00000003420d3748) 
thrown [src/hotspot/share/interpreter/linkResolver.cpp, line 804]
Event: 0.543 Thread 0x0000000104945b80 Exception <a 'java/lang/NoSuchMethodError'{0x00000003420db8d8}: 'void java.lang.invoke.DirectMethodHandle$Holder.invokeStaticInit(java.lang.Object, java.lang.Object, java.lang.Object, int, long)'> (0x00000003420db8d8) 
thrown [src/hotspot/share/interpreter/linkResolver.cpp, line 804]
Event: 0.543 Thread 0x0000000104945b80 Exception <a 'java/lang/NoSuchMethodError'{0x00000003420ebd50}: 'void java.lang.invoke.DelegatingMethodHandle$Holder.reinvoke_L(java.lang.Object, java.lang.Object, java.lang.Object, int, long)'> (0x00000003420ebd50) 
thrown [src/hotspot/share/interpreter/linkResolver.cpp, line 804]
Event: 0.545 Thread 0x0000000104945b80 Exception <a 'java/lang/NoSuchMethodError'{0x00000003421428f8}: 'long java.lang.invoke.DirectMethodHandle$Holder.invokeStaticInit(java.lang.Object, java.lang.Object, java.lang.Object, int, int)'> (0x00000003421428f8) 
thrown [src/hotspot/share/interpreter/linkResolver.cpp, line 804]
Event: 0.545 Thread 0x0000000104945b80 Exception <a 'java/lang/NoSuchMethodError'{0x0000000342152d60}: 'long java.lang.invoke.DelegatingMethodHandle$Holder.reinvoke_L(java.lang.Object, java.lang.Object, java.lang.Object, int, int)'> (0x0000000342152d60) 
thrown [src/hotspot/share/interpreter/linkResolver.cpp, line 804]
Event: 0.546 Thread 0x0000000104945b80 Exception <a 'java/lang/NoSuchMethodError'{0x0000000342173d58}: 'long java.lang.invoke.DirectMethodHandle$Holder.invokeSpecial(java.lang.Object, java.lang.Object, java.lang.Object, int, int)'> (0x0000000342173d58) 
thrown [src/hotspot/share/interpreter/linkResolver.cpp, line 804]
Event: 0.547 Thread 0x0000000104945b80 Exception <a 'java/lang/NoSuchMethodError'{0x00000003421a4ab0}: 'int java.lang.invoke.DirectMethodHandle$Holder.invokeStatic(java.lang.Object, java.lang.Object, java.lang.Object, long)'> (0x00000003421a4ab0) 
thrown [src/hotspot/share/interpreter/linkResolver.cpp, line 804]
Event: 0.547 Thread 0x0000000104945b80 Exception <a 'java/lang/NoSuchMethodError'{0x00000003421b4c08}: 'int java.lang.invoke.DelegatingMethodHandle$Holder.reinvoke_L(java.lang.Object, java.lang.Object, java.lang.Object, long)'> (0x00000003421b4c08) 
thrown [src/hotspot/share/interpreter/linkResolver.cpp, line 804]
Event: 0.614 Thread 0x0000000104945b80 Exception <a 'java/lang/NoSuchMethodError'{0x0000000342614c78}: 'void java.lang.System.load(java.lang.String, java.lang.Class)'> (0x0000000342614c78) 
thrown [src/hotspot/share/interpreter/linkResolver.cpp, line 804]
Event: 0.615 Thread 0x0000000104945b80 Exception <a 'java/lang/NoSuchMethodError'{0x000000034261ca58}: 'void java.lang.System.loadLibrary(java.lang.String, java.lang.Class)'> (0x000000034261ca58) 
thrown [src/hotspot/share/interpreter/linkResolver.cpp, line 804]
Event: 0.640 Thread 0x0000000104945b80 Implicit null exception at 0x0000000122a7a72c to 0x0000000122a7a828
Event: 0.684 Thread 0x0000000104945b80 Exception <a 'java/lang/NoSuchMethodError'{0x000000034192bd80}: 'double java.lang.invoke.DirectMethodHandle$Holder.invokeStaticInit(java.lang.Object, java.lang.Object, java.lang.Object)'> (0x000000034192bd80) 
thrown [src/hotspot/share/interpreter/linkResolver.cpp, line 804]
Event: 0.684 Thread 0x0000000104945b80 Exception <a 'java/lang/NoSuchMethodError'{0x000000034193bfb8}: 'double java.lang.invoke.DelegatingMethodHandle$Holder.reinvoke_L(java.lang.Object, java.lang.Object, java.lang.Object)'> (0x000000034193bfb8) 
thrown [src/hotspot/share/interpreter/linkResolver.cpp, line 804]
Event: 0.684 Thread 0x0000000104945b80 Exception <a 'java/lang/NoSuchMethodError'{0x000000034195c698}: 'double java.lang.invoke.DirectMethodHandle$Holder.invokeSpecial(java.lang.Object, java.lang.Object, java.lang.Object)'> (0x000000034195c698) 
thrown [src/hotspot/share/interpreter/linkResolver.cpp, line 804]
Event: 0.685 Thread 0x0000000104945b80 Exception <a 'java/lang/NoSuchMethodError'{0x0000000341964340}: 'double java.lang.invoke.Invokers$Holder.invokeExact_MT(java.lang.Object, java.lang.Object, java.lang.Object)'> (0x0000000341964340) 
thrown [src/hotspot/share/interpreter/linkResolver.cpp, line 804]
Event: 0.686 Thread 0x0000000104945b80 Exception <a 'java/lang/NoSuchMethodError'{0x00000003419906c8}: 'int java.lang.invoke.DirectMethodHandle$Holder.invokeStaticInit(java.lang.Object, java.lang.Object, java.lang.Object, long)'> (0x00000003419906c8) 
thrown [src/hotspot/share/interpreter/linkResolver.cpp, line 804]
Event: 0.686 Thread 0x0000000104945b80 Exception <a 'java/lang/NoSuchMethodError'{0x00000003419b92b0}: 'int java.lang.invoke.DirectMethodHandle$Holder.invokeSpecial(java.lang.Object, java.lang.Object, long, long)'> (0x00000003419b92b0) 
thrown [src/hotspot/share/interpreter/linkResolver.cpp, line 804]

VM Operations (14 events):
Event: 0.042 Executing non-safepoint VM operation: HandshakeAllThreads (Deoptimize)
Event: 0.042 Executing non-safepoint VM operation: HandshakeAllThreads (Deoptimize) done
Event: 0.125 Executing non-safepoint VM operation: HandshakeAllThreads (Deoptimize)
Event: 0.125 Executing non-safepoint VM operation: HandshakeAllThreads (Deoptimize) done
Event: 0.166 Executing non-safepoint VM operation: HandshakeAllThreads (Deoptimize)
Event: 0.166 Executing non-safepoint VM operation: HandshakeAllThreads (Deoptimize) done
Event: 0.291 Executing non-safepoint VM operation: HandshakeAllThreads (Deoptimize)
Event: 0.291 Executing non-safepoint VM operation: HandshakeAllThreads (Deoptimize) done
Event: 0.626 Executing non-safepoint VM operation: HandshakeAllThreads (Deoptimize)
Event: 0.626 Executing non-safepoint VM operation: HandshakeAllThreads (Deoptimize) done
Event: 0.641 Executing non-safepoint VM operation: HandshakeAllThreads (Deoptimize)
Event: 0.641 Executing non-safepoint VM operation: HandshakeAllThreads (Deoptimize) done
Event: 0.641 Executing non-safepoint VM operation: HandshakeAllThreads (Deoptimize)
Event: 0.641 Executing non-safepoint VM operation: HandshakeAllThreads (Deoptimize) done

Memory protections (14 events):
Event: 0.005 Protecting memory [0x000000016b214000,0x000000016b220000] with protection modes 0
Event: 0.009 Protecting memory [0x00001fff00000000,0x00001fff00004000] with protection modes 0
Event: 0.020 Protecting memory [0x000000016ca0c000,0x000000016ca18000] with protection modes 0
Event: 0.020 Protecting memory [0x000000016cc18000,0x000000016cc24000] with protection modes 0
Event: 0.020 Protecting memory [0x000000016ce24000,0x000000016ce30000] with protection modes 0
Event: 0.020 Protecting memory [0x000000016d030000,0x000000016d03c000] with protection modes 0
Event: 0.020 Protecting memory [0x000000016d23c000,0x000000016d248000] with protection modes 0
Event: 0.020 Protecting memory [0x000000016d448000,0x000000016d454000] with protection modes 0
Event: 0.020 Protecting memory [0x000000016d654000,0x000000016d660000] with protection modes 0
Event: 0.027 Protecting memory [0x000000016d860000,0x000000016d86c000] with protection modes 0
Event: 0.029 Protecting memory [0x000000016da6c000,0x000000016da78000] with protection modes 0
Event: 0.228 Protecting memory [0x000000016dc78000,0x000000016dc84000] with protection modes 0
Event: 0.272 Protecting memory [0x000000016de84000,0x000000016de90000] with protection modes 0
Event: 0.427 Protecting memory [0x000000016de84000,0x000000016de90000] with protection modes 3

Nmethod flushes (0 events):
No events

Events (13 events):
Event: 0.010 Thread 0x0000000104945b80 Thread added: 0x0000000104945b80
Event: 0.020 Thread 0x0000000104945b80 Thread added: 0x00000008e101c000
Event: 0.020 Thread 0x0000000104945b80 Thread added: 0x00000008e101c800
Event: 0.020 Thread 0x0000000104945b80 Thread added: 0x00000008e101d000
Event: 0.020 Thread 0x0000000104945b80 Thread added: 0x00000008e101d800
Event: 0.020 Thread 0x0000000104945b80 Thread added: 0x00000008e101e000
Event: 0.020 Thread 0x0000000104945b80 Thread added: 0x00000008e04cd400
Event: 0.020 Thread 0x0000000104945b80 Thread added: 0x00000008e04cde00
Event: 0.027 Thread 0x0000000104945b80 Thread added: 0x00000008e101e800
Event: 0.029 Thread 0x0000000104945b80 Thread added: 0x00000008e101f000
Event: 0.228 Thread 0x00000008e04cde00 Thread added: 0x00000008deb3a800
Event: 0.272 Thread 0x00000008e04cde00 Thread added: 0x00000008deb79400
Event: 0.427 Thread 0x00000008deb79400 Thread exited: 0x00000008deb79400


Dynamic libraries:
0x0000000104430000 	/Library/Java/JavaVirtualMachines/temurin-25.jdk/Contents/Home/lib/libjli.dylib
0x00000001a178e000 	/System/Library/Frameworks/ApplicationServices.framework/Versions/A/ApplicationServices
0x000000018b944000 	/System/Library/Frameworks/CoreGraphics.framework/Versions/A/CoreGraphics
0x0000000187ac8000 	/System/Library/Frameworks/CoreText.framework/Versions/A/CoreText
0x0000000191cdf000 	/System/Library/Frameworks/ImageIO.framework/Versions/A/ImageIO
0x000000018c09a000 	/System/Library/Frameworks/ColorSync.framework/Versions/A/ColorSync
0x0000000198bad000 	/System/Library/Frameworks/ApplicationServices.framework/Versions/A/Frameworks/ATS.framework/Versions/A/ATS
0x000000019d0c1000 	/System/Library/Frameworks/CoreServices.framework/Versions/A/CoreServices
0x000000018c242000 	/System/Library/Frameworks/ApplicationServices.framework/Versions/A/Frameworks/HIServices.framework/Versions/A/HIServices
0x000000019727e000 	/System/Library/Frameworks/ApplicationServices.framework/Versions/A/Frameworks/PrintCore.framework/Versions/A/PrintCore
0x0000000198f5f000 	/System/Library/Frameworks/ApplicationServices.framework/Versions/A/Frameworks/QD.framework/Versions/A/QD
0x0000000198f5a000 	/System/Library/Frameworks/ApplicationServices.framework/Versions/A/Frameworks/ColorSyncLegacy.framework/Versions/A/ColorSyncLegacy
0x0000000198b7f000 	/System/Library/Frameworks/ApplicationServices.framework/Versions/A/Frameworks/SpeechSynthesis.framework/Versions/A/SpeechSynthesis
0x00000001949f4000 	/usr/lib/libSystem.B.dylib
0x000000018b38d000 	/System/Library/PrivateFrameworks/SkyLight.framework/Versions/A/SkyLight
0x000000018ca84000 	/System/Library/PrivateFrameworks/ProtocolBuffer.framework/Versions/A/ProtocolBuffer
0x00000001949f8000 	/System/Library/PrivateFrameworks/SoftLinking.framework/Versions/A/SoftLinking
0x00000001888a6000 	/usr/lib/libicucore.A.dylib
0x000000018e736000 	/System/Library/PrivateFrameworks/CoreAnalytics.framework/Versions/A/CoreAnalytics
0x00000001916ba000 	/System/Library/PrivateFrameworks/FontServices.framework/libFontParser.dylib
0x000000019d340000 	/System/Library/Frameworks/Accelerate.framework/Versions/A/Accelerate
0x00000001911ec000 	/System/Library/Frameworks/IOSurface.framework/Versions/A/IOSurface
0x000000018f47a000 	/usr/lib/libxml2.2.dylib
0x000000018aefe000 	/System/Library/Frameworks/CFNetwork.framework/Versions/A/CFNetwork
0x0000000184be5000 	/System/Library/Frameworks/CoreFoundation.framework/Versions/A/CoreFoundation
0x0000000186452000 	/System/Library/Frameworks/Foundation.framework/Versions/C/Foundation
0x000000019493e000 	/usr/lib/libz.1.dylib
0x0000000184740000 	/usr/lib/libobjc.A.dylib
0x0000000184ab5000 	/usr/lib/libc++.1.dylib
0x0000000188487000 	/System/Library/Frameworks/Security.framework/Versions/A/Security
0x000000023d4b5000 	/System/Library/PrivateFrameworks/CollectionsInternal.framework/Versions/A/CollectionsInternal
0x0000000198264000 	/usr/lib/swift/libswiftCore.dylib
0x00000001b1eef000 	/usr/lib/swift/libswiftCoreFoundation.dylib
0x000000019ee2d000 	/usr/lib/swift/libswiftDispatch.dylib
0x00000001b1f50000 	/usr/lib/swift/libswiftIOKit.dylib
0x00000001a1e05000 	/usr/lib/swift/libswiftObjectiveC.dylib
0x00000001b1f02000 	/usr/lib/swift/libswiftXPC.dylib
0x00000002895ab000 	/usr/lib/swift/libswift_Builtin_float.dylib
0x000000023a17c000 	/System/Library/PrivateFrameworks/BiomeLibrary.framework/Versions/A/BiomeLibrary
0x000000018cd2b000 	/System/Library/PrivateFrameworks/BaseBoard.framework/Versions/A/BaseBoard
0x000000019f18e000 	/System/Library/PrivateFrameworks/BoardServices.framework/Versions/A/BoardServices
0x00000001a105b000 	/System/Library/PrivateFrameworks/BackBoardServices.framework/Versions/A/BackBoardServices
0x000000023a081000 	/System/Library/PrivateFrameworks/BackBoardHIDEventFoundation.framework/Versions/A/BackBoardHIDEventFoundation
0x000000018f561000 	/System/Library/Frameworks/CoreVideo.framework/Versions/A/CoreVideo
0x000000018e766000 	/usr/lib/libDiagnosticMessagesClient.dylib
0x00000001875e4000 	/System/Library/Frameworks/CoreDisplay.framework/Versions/A/CoreDisplay
0x0000000193c4b000 	/usr/lib/libbsm.0.dylib
0x0000000196bd7000 	/System/Library/Frameworks/VideoToolbox.framework/Versions/A/VideoToolbox
0x0000000194c14000 	/System/Library/Frameworks/MetalPerformanceShaders.framework/Versions/A/MetalPerformanceShaders
0x00000001938fa000 	/System/Library/PrivateFrameworks/IOMobileFramebuffer.framework/Versions/A/IOMobileFramebuffer
0x00000002682be000 	/System/Library/PrivateFrameworks/ProDisplayLibrary.framework/Versions/A/ProDisplayLibrary
0x00000001a4e8c000 	/System/Library/PrivateFrameworks/IOSurfaceAccelerator.framework/Versions/A/IOSurfaceAccelerator
0x000000018ce1d000 	/System/Library/PrivateFrameworks/RunningBoardServices.framework/Versions/A/RunningBoardServices
0x00000001860c1000 	/System/Library/Frameworks/SystemConfiguration.framework/Versions/A/SystemConfiguration
0x0000000191214000 	/System/Library/Frameworks/Metal.framework/Versions/A/Metal
0x0000000191209000 	/System/Library/PrivateFrameworks/IOAccelerator.framework/Versions/A/IOAccelerator
0x0000000191518000 	/System/Library/Frameworks/CoreMedia.framework/Versions/A/CoreMedia
0x000000018b369000 	/System/Library/PrivateFrameworks/TCC.framework/Versions/A/TCC
0x000000018b2d1000 	/usr/lib/libMobileGestalt.dylib
0x0000000196b8f000 	/System/Library/PrivateFrameworks/WatchdogClient.framework/Versions/A/WatchdogClient
0x000000018ec90000 	/System/Library/Frameworks/QuartzCore.framework/Versions/A/QuartzCore
0x0000000188efe000 	/System/Library/Frameworks/IOKit.framework/Versions/A/IOKit
0x0000000194c1c000 	/usr/lib/libcompression.dylib
0x0000000196b91000 	/System/Library/PrivateFrameworks/MultitouchSupport.framework/Versions/A/MultitouchSupport
0x00000001c9d2d000 	/usr/lib/swift/libswiftAccelerate.dylib
0x00000001b1ecf000 	/usr/lib/swift/libswiftCoreAudio.dylib
0x00000001cdea8000 	/usr/lib/swift/libswiftCoreMedia.dylib
0x00000001bfe94000 	/usr/lib/swift/libswiftMetal.dylib
0x00000001cf65b000 	/usr/lib/swift/libswiftOSLog.dylib
0x00000001c5289000 	/usr/lib/swift/libswiftQuartzCore.dylib
0x00000001c9d1d000 	/usr/lib/swift/libswiftUniformTypeIdentifiers.dylib
0x0000000289593000 	/usr/lib/swift/libswiftVideoToolbox.dylib
0x00000001a1e09000 	/usr/lib/swift/libswiftos.dylib
0x00000001b5a43000 	/usr/lib/swift/libswiftsimd.dylib
0x00000001c0eff000 	/System/Library/PrivateFrameworks/BiomeStreams.framework/Versions/A/BiomeStreams
0x00000001c71e4000 	/System/Library/PrivateFrameworks/BiomeStorage.framework/Versions/A/BiomeStorage
0x00000001bcf64000 	/System/Library/PrivateFrameworks/BiomeFoundation.framework/Versions/A/BiomeFoundation
0x00000002567db000 	/System/Library/PrivateFrameworks/IntelligencePlatformLibrary.framework/Versions/A/IntelligencePlatformLibrary
0x000000018caa0000 	/usr/lib/libsqlite3.dylib
0x0000000267082000 	/System/Library/PrivateFrameworks/PoirotSchematizer.framework/Versions/A/PoirotSchematizer
0x000000023aa2f000 	/System/Library/PrivateFrameworks/BiomeSync.framework/Versions/A/BiomeSync
0x000000023a162000 	/System/Library/PrivateFrameworks/BiomeDSL.framework/Versions/A/BiomeDSL
0x00000001c7183000 	/System/Library/PrivateFrameworks/BiomePubSub.framework/Versions/A/BiomePubSub
0x00000001b1db1000 	/System/Library/PrivateFrameworks/LoggingSupport.framework/Versions/A/LoggingSupport
0x00000001a2d70000 	/System/Library/PrivateFrameworks/ProactiveSupport.framework/Versions/A/ProactiveSupport
0x00000001e028a000 	/System/Library/PrivateFrameworks/FeatureFlags.framework/Versions/A/FeatureFlags
0x00000001d80c0000 	/System/Library/PrivateFrameworks/InternalSwiftProtobuf.framework/Versions/A/InternalSwiftProtobuf
0x00000002670f0000 	/System/Library/PrivateFrameworks/PoirotUDFs.framework/Versions/A/PoirotUDFs
0x00000002896dc000 	/usr/lib/swift/libswift_StringProcessing.dylib
0x00000001949ee000 	/usr/lib/system/libcache.dylib
0x00000001949a9000 	/usr/lib/system/libcommonCrypto.dylib
0x00000001949d4000 	/usr/lib/system/libcompiler_rt.dylib
0x00000001949c9000 	/usr/lib/system/libcopyfile.dylib
0x00000001848e9000 	/usr/lib/system/libcorecrypto.dylib
0x00000001849e9000 	/usr/lib/system/libdispatch.dylib
0x0000000184793000 	/usr/lib/system/libdyld.dylib
0x00000001949e4000 	/usr/lib/system/libkeymgr.dylib
0x000000019498c000 	/usr/lib/system/libmacho.dylib
0x0000000193c23000 	/usr/lib/system/libquarantine.dylib
0x00000001949e1000 	/usr/lib/system/libremovefile.dylib
0x000000018b351000 	/usr/lib/system/libsystem_asl.dylib
0x000000018486f000 	/usr/lib/system/libsystem_blocks.dylib
0x0000000184a34000 	/usr/lib/system/libsystem_c.dylib
0x00000001949d8000 	/usr/lib/system/libsystem_collections.dylib
0x00000001925c4000 	/usr/lib/system/libsystem_configuration.dylib
0x00000001911b3000 	/usr/lib/system/libsystem_containermanager.dylib
0x00000001943c2000 	/usr/lib/system/libsystem_coreservices.dylib
0x0000000188b7c000 	/usr/lib/system/libsystem_darwin.dylib
0x00000002898cd000 	/usr/lib/system/libsystem_darwindirectory.dylib
0x00000001949e5000 	/usr/lib/system/libsystem_dnssd.dylib
0x00000002898d1000 	/usr/lib/system/libsystem_eligibility.dylib
0x0000000184a31000 	/usr/lib/system/libsystem_featureflags.dylib
0x0000000184bb5000 	/usr/lib/system/libsystem_info.dylib
0x000000019494d000 	/usr/lib/system/libsystem_m.dylib
0x0000000184998000 	/usr/lib/system/libsystem_malloc.dylib
0x000000018b2b4000 	/usr/lib/system/libsystem_networkextension.dylib
0x0000000188fe7000 	/usr/lib/system/libsystem_notify.dylib
0x00000001925c9000 	/usr/lib/system/libsystem_sandbox.dylib
0x00000002898db000 	/usr/lib/system/libsystem_sanitizers.dylib
0x00000001949dd000 	/usr/lib/system/libsystem_secinit.dylib
0x0000000184b61000 	/usr/lib/system/libsystem_kernel.dylib
0x0000000184bac000 	/usr/lib/system/libsystem_platform.dylib
0x0000000184b9f000 	/usr/lib/system/libsystem_pthread.dylib
0x000000018cf0f000 	/usr/lib/system/libsystem_symptoms.dylib
0x00000001848c8000 	/usr/lib/system/libsystem_trace.dylib
0x00000002898e3000 	/usr/lib/system/libsystem_trial.dylib
0x00000001949b7000 	/usr/lib/system/libunwind.dylib
0x0000000184873000 	/usr/lib/system/libxpc.dylib
0x0000000184b46000 	/usr/lib/libc++abi.dylib
0x0000000287cb0000 	/usr/lib/libRosetta.dylib
0x0000000289136000 	/usr/lib/libswiftPrespecialized.dylib
0x000000018f431000 	/System/Library/PrivateFrameworks/CoreAutoLayout.framework/Versions/A/CoreAutoLayout
0x00000001949f6000 	/usr/lib/libfakelink.dylib
0x000000018e861000 	/System/Library/Frameworks/DiskArbitration.framework/Versions/A/DiskArbitration
0x0000000194a49000 	/usr/lib/libarchive.2.dylib
0x00000001925d7000 	/usr/lib/liblangid.dylib
0x000000019ad5b000 	/System/Library/Frameworks/Combine.framework/Versions/A/Combine
0x00000002693b4000 	/System/Library/PrivateFrameworks/ReflectionInternal.framework/Versions/A/ReflectionInternal
0x000000026a307000 	/System/Library/PrivateFrameworks/RuntimeInternal.framework/Versions/A/RuntimeInternal
0x00000001aed85000 	/usr/lib/swift/libswiftDarwin.dylib
0x0000000289579000 	/usr/lib/swift/libswiftSystem.dylib
0x00000002895ac000 	/usr/lib/swift/libswift_Concurrency.dylib
0x0000000289638000 	/usr/lib/swift/libswift_DarwinFoundation1.dylib
0x0000000188e7e000 	/System/Library/PrivateFrameworks/CoreServicesInternal.framework/Versions/A/CoreServicesInternal
0x00000001949c1000 	/usr/lib/liboah.dylib
0x00000001a1239000 	/System/Library/PrivateFrameworks/DiskImages.framework/Versions/A/DiskImages
0x00000001ae82a000 	/System/Library/Frameworks/NetFS.framework/Versions/A/NetFS
0x000000018f3f6000 	/System/Library/Frameworks/CoreServices.framework/Versions/A/Frameworks/FSEvents.framework/Versions/A/FSEvents
0x0000000188b86000 	/System/Library/Frameworks/CoreServices.framework/Versions/A/Frameworks/CarbonCore.framework/Versions/A/CarbonCore
0x000000018e7d5000 	/System/Library/Frameworks/CoreServices.framework/Versions/A/Frameworks/Metadata.framework/Versions/A/Metadata
0x00000001943c9000 	/System/Library/Frameworks/CoreServices.framework/Versions/A/Frameworks/OSServices.framework/Versions/A/OSServices
0x0000000194b41000 	/System/Library/Frameworks/CoreServices.framework/Versions/A/Frameworks/SearchKit.framework/Versions/A/SearchKit
0x000000018ce89000 	/System/Library/Frameworks/CoreServices.framework/Versions/A/Frameworks/AE.framework/Versions/A/AE
0x0000000185144000 	/System/Library/Frameworks/CoreServices.framework/Versions/A/Frameworks/LaunchServices.framework/Versions/A/LaunchServices
0x0000000195ec7000 	/System/Library/Frameworks/CoreServices.framework/Versions/A/Frameworks/DictionaryServices.framework/Versions/A/DictionaryServices
0x000000018f403000 	/System/Library/Frameworks/CoreServices.framework/Versions/A/Frameworks/SharedFileList.framework/Versions/A/SharedFileList
0x0000000194bd4000 	/usr/lib/libapple_nghttp2.dylib
0x000000018cc89000 	/System/Library/Frameworks/Accounts.framework/Versions/A/Accounts
0x00000001a147b000 	/System/Library/PrivateFrameworks/AppSupport.framework/Versions/A/AppSupport
0x00000001b0cb3000 	/System/Library/Frameworks/AVFoundation.framework/Versions/A/AVFoundation
0x0000000198f96000 	/System/Library/Frameworks/GSS.framework/Versions/A/GSS
0x0000000197388000 	/System/Library/PrivateFrameworks/InternationalSupport.framework/Versions/A/InternationalSupport
0x00000001a1d8d000 	/System/Library/PrivateFrameworks/StreamingZip.framework/Versions/A/StreamingZip
0x000000018b2cf000 	/usr/lib/libenergytrace.dylib
0x000000018cf18000 	/System/Library/Frameworks/Network.framework/Versions/A/Network
0x0000000194990000 	/usr/lib/system/libkxld.dylib
0x0000000238a95000 	/System/Library/PrivateFrameworks/AppleKeyStore.framework/Versions/A/AppleKeyStore
0x00000002879b2000 	/usr/lib/libCoreEntitlements.dylib
0x000000025da97000 	/System/Library/PrivateFrameworks/MessageSecurity.framework/Versions/A/MessageSecurity
0x000000019e23c000 	/System/Library/PrivateFrameworks/SymptomDiagnosticReporter.framework/Versions/A/SymptomDiagnosticReporter
0x000000019610c000 	/System/Library/PrivateFrameworks/CrashReporterSupport.framework/Versions/A/CrashReporterSupport
0x00000001943a9000 	/System/Library/PrivateFrameworks/AppleFSCompression.framework/Versions/A/AppleFSCompression
0x0000000193c33000 	/usr/lib/libcoretls.dylib
0x0000000195f3d000 	/usr/lib/libcoretls_cfhelpers.dylib
0x0000000194c16000 	/usr/lib/libpam.2.dylib
0x0000000195fb3000 	/usr/lib/libxar.1.dylib
0x0000000195f3f000 	/System/Library/PrivateFrameworks/APFS.framework/Versions/A/APFS
0x0000000275a34000 	/System/Library/PrivateFrameworks/SwiftASN1Internal.framework/Versions/A/SwiftASN1Internal
0x0000000195fc2000 	/usr/lib/libutil.dylib
0x00000001925d2000 	/System/Library/PrivateFrameworks/AppleSystemInfo.framework/Versions/A/AppleSystemInfo
0x00000001a0b99000 	/System/Library/PrivateFrameworks/CoreWiFi.framework/Versions/A/CoreWiFi
0x0000000198ff9000 	/System/Library/PrivateFrameworks/MobileAsset.framework/Versions/A/MobileAsset
0x000000019e24c000 	/System/Library/PrivateFrameworks/PowerLog.framework/Versions/A/PowerLog
0x000000019f70e000 	/System/Library/PrivateFrameworks/Rapport.framework/Versions/A/Rapport
0x00000002316ba000 	/System/Library/Frameworks/SwiftData.framework/Versions/A/SwiftData
0x000000018a933000 	/System/Library/Frameworks/UniformTypeIdentifiers.framework/Versions/A/UniformTypeIdentifiers
0x000000018f623000 	/System/Library/PrivateFrameworks/UserManagement.framework/Versions/A/UserManagement
0x000000018ae25000 	/usr/lib/libboringssl.dylib
0x000000018cefd000 	/usr/lib/libdns_services.dylib
0x00000001b0de7000 	/usr/lib/libquic.dylib
0x00000001981f5000 	/usr/lib/libusrtcp.dylib
0x000000023994e000 	/System/Library/PrivateFrameworks/AtomicsInternal.framework/Versions/A/AtomicsInternal
0x0000000289400000 	/usr/lib/swift/libswiftDistributed.dylib
0x0000000289429000 	/usr/lib/swift/libswiftObservation.dylib
0x0000000289565000 	/usr/lib/swift/libswiftSynchronization.dylib
0x00000001925d0000 	/System/Library/PrivateFrameworks/AggregateDictionary.framework/Versions/A/AggregateDictionary
0x000000018c696000 	/System/Library/Frameworks/CoreData.framework/Versions/A/CoreData
0x0000000233713000 	/System/Library/Frameworks/_LocationEssentials.framework/Versions/A/_LocationEssentials
0x0000000195f1e000 	/usr/lib/liblzma.5.dylib
0x0000000193b2c000 	/System/Library/PrivateFrameworks/MobileKeyBag.framework/Versions/A/MobileKeyBag
0x00000001a178f000 	/System/Library/PrivateFrameworks/InternationalTextSearch.framework/Versions/A/InternationalTextSearch
0x00000001b943f000 	/System/Library/PrivateFrameworks/SoftwareUpdateCoreSupport.framework/Versions/A/SoftwareUpdateCoreSupport
0x00000001c199d000 	/System/Library/PrivateFrameworks/SoftwareUpdateCoreConnect.framework/Versions/A/SoftwareUpdateCoreConnect
0x00000001a1333000 	/System/Library/PrivateFrameworks/RemoteServiceDiscovery.framework/Versions/A/RemoteServiceDiscovery
0x00000001b9017000 	/System/Library/PrivateFrameworks/MSUDataAccessor.framework/Versions/A/MSUDataAccessor
0x00000001b3f7f000 	/usr/lib/libbootpolicy.dylib
0x00000001a134a000 	/System/Library/PrivateFrameworks/RemoteXPC.framework/Versions/A/RemoteXPC
0x00000001c0dd3000 	/usr/lib/libFDR.dylib
0x00000001c6d85000 	/usr/lib/libamsupport.dylib
0x0000000287ca8000 	/usr/lib/libReverseProxyDevice.dylib
0x0000000238305000 	/System/Library/PrivateFrameworks/AppleDeviceQuerySupport.framework/Versions/A/AppleDeviceQuerySupport
0x00000001c9f47000 	/usr/lib/libpartition2_dynamic.dylib
0x0000000194bb0000 	/System/Library/PrivateFrameworks/AppleSauce.framework/Versions/A/AppleSauce
0x000000028785d000 	/usr/lib/libAppleArchive.dylib
0x00000001943b5000 	/usr/lib/libbz2.1.0.dylib
0x000000018e86b000 	/System/Library/Frameworks/Accelerate.framework/Versions/A/Frameworks/vImage.framework/Versions/A/vImage
0x000000019d09c000 	/System/Library/Frameworks/Accelerate.framework/Versions/A/Frameworks/vecLib.framework/Versions/A/vecLib
0x0000000195ff9000 	/System/Library/Frameworks/Accelerate.framework/Versions/A/Frameworks/vecLib.framework/Versions/A/libvMisc.dylib
0x0000000185648000 	/System/Library/Frameworks/Accelerate.framework/Versions/A/Frameworks/vecLib.framework/Versions/A/libBLAS.dylib
0x000000022a114000 	/System/Library/Frameworks/OpenGL.framework/Versions/A/OpenGL
0x000000024c492000 	/System/Library/PrivateFrameworks/GPUCompiler.framework/Versions/32023/Libraries/libllvm-flatbuffers.dylib
0x0000000246ef1000 	/System/Library/PrivateFrameworks/FramePacing.framework/Versions/A/FramePacing
0x000000022a106000 	/System/Library/Frameworks/OpenGL.framework/Versions/A/Libraries/libCoreFSCache.dylib
0x000000024801f000 	/System/Library/PrivateFrameworks/GPUCompiler.framework/Versions/32023/Libraries/libGPUCompilerUtils.dylib
0x000000022a165000 	/System/Library/Frameworks/OpenGL.framework/Versions/A/Libraries/libGLU.dylib
0x000000022a128000 	/System/Library/Frameworks/OpenGL.framework/Versions/A/Libraries/libGFXShared.dylib
0x000000022a2f5000 	/System/Library/Frameworks/OpenGL.framework/Versions/A/Libraries/libGL.dylib
0x000000022a131000 	/System/Library/Frameworks/OpenGL.framework/Versions/A/Libraries/libGLImage.dylib
0x000000022a125000 	/System/Library/Frameworks/OpenGL.framework/Versions/A/Libraries/libCVMSPluginSupport.dylib
0x000000022a10e000 	/System/Library/Frameworks/OpenGL.framework/Versions/A/Libraries/libCoreVMClient.dylib
0x0000000193788000 	/System/Library/Frameworks/Accelerate.framework/Versions/A/Frameworks/vecLib.framework/Versions/A/libvDSP.dylib
0x0000000194cf6000 	/System/Library/Frameworks/Accelerate.framework/Versions/A/Frameworks/vecLib.framework/Versions/A/libLAPACK.dylib
0x0000000193cbf000 	/System/Library/Frameworks/Accelerate.framework/Versions/A/Frameworks/vecLib.framework/Versions/A/libLinearAlgebra.dylib
0x0000000194bed000 	/System/Library/Frameworks/Accelerate.framework/Versions/A/Frameworks/vecLib.framework/Versions/A/libSparseBLAS.dylib
0x0000000194cf1000 	/System/Library/Frameworks/Accelerate.framework/Versions/A/Frameworks/vecLib.framework/Versions/A/libQuadrature.dylib
0x0000000192700000 	/System/Library/Frameworks/Accelerate.framework/Versions/A/Frameworks/vecLib.framework/Versions/A/libBNNS.dylib
0x0000000185f53000 	/System/Library/Frameworks/Accelerate.framework/Versions/A/Frameworks/vecLib.framework/Versions/A/libSparse.dylib
0x000000025888b000 	/System/Library/PrivateFrameworks/MIL.framework/Versions/A/MIL
0x00000001c3def000 	/System/Library/PrivateFrameworks/OSAnalytics.framework/Versions/A/OSAnalytics
0x0000000244b5e000 	/System/Library/PrivateFrameworks/DeviceRecovery.framework/Versions/A/DeviceRecovery
0x000000019f5a6000 	/System/Library/PrivateFrameworks/CoreSymbolication.framework/Versions/A/CoreSymbolication
0x00000001d3761000 	/System/Library/PrivateFrameworks/Symbolication.framework/Versions/A/Symbolication
0x000000019f584000 	/System/Library/PrivateFrameworks/DebugSymbols.framework/Versions/A/DebugSymbols
0x00000001b1e40000 	/System/Library/PrivateFrameworks/MallocStackLogging.framework/Versions/A/MallocStackLogging
0x000000028963d000 	/usr/lib/swift/libswift_RegexParser.dylib
0x000000019ae4f000 	/System/Library/PrivateFrameworks/GeoServices.framework/Versions/A/GeoServices
0x000000019887f000 	/System/Library/PrivateFrameworks/LocationSupport.framework/Versions/A/LocationSupport
0x000000019e131000 	/System/Library/Frameworks/CoreBluetooth.framework/Versions/A/CoreBluetooth
0x000000024ffe5000 	/System/Library/PrivateFrameworks/GeoServicesCore.framework/Versions/A/GeoServicesCore
0x00000001aac4f000 	/System/Library/PrivateFrameworks/PhoneNumbers.framework/Versions/A/PhoneNumbers
0x0000000199170000 	/System/Library/PrivateFrameworks/CorePhoneNumbers.framework/Versions/A/CorePhoneNumbers
0x0000000194a2e000 	/usr/lib/libiconv.2.dylib
0x000000019498b000 	/usr/lib/libcharset.1.dylib
0x000000022c190000 	/System/Library/Frameworks/ExtensionFoundation.framework/Versions/A/ExtensionFoundation
0x00000001965e6000 	/System/Library/PrivateFrameworks/AppServerSupport.framework/Versions/A/AppServerSupport
0x0000000262af8000 	/System/Library/PrivateFrameworks/OSEligibility.framework/Versions/A/OSEligibility
0x00000001963e9000 	/System/Library/PrivateFrameworks/IconServices.framework/Versions/A/IconServices
0x000000022d574000 	/System/Library/Frameworks/LightweightCodeRequirements.framework/Versions/A/LightweightCodeRequirements
0x0000000196263000 	/System/Library/PrivateFrameworks/PlugInKit.framework/Versions/A/PlugInKit
0x0000000193b44000 	/System/Library/PrivateFrameworks/AssertionServices.framework/Versions/A/AssertionServices
0x0000000196989000 	/System/Library/PrivateFrameworks/AppleJPEG.framework/Versions/A/AppleJPEG
0x0000000196363000 	/usr/lib/libexpat.1.dylib
0x0000000197154000 	/System/Library/Frameworks/ImageIO.framework/Versions/A/Resources/libPng.dylib
0x000000019717f000 	/System/Library/Frameworks/ImageIO.framework/Versions/A/Resources/libTIFF.dylib
0x0000000197267000 	/System/Library/Frameworks/ImageIO.framework/Versions/A/Resources/libGIF.dylib
0x00000001969ce000 	/System/Library/Frameworks/ImageIO.framework/Versions/A/Resources/libJP2.dylib
0x0000000196073000 	/usr/lib/libate.dylib
0x000000019720e000 	/System/Library/Frameworks/ImageIO.framework/Versions/A/Resources/libJPEG.dylib
0x0000000197205000 	/System/Library/Frameworks/ImageIO.framework/Versions/A/Resources/libRadiance.dylib
0x000000028963b000 	/usr/lib/swift/libswift_DarwinFoundation2.dylib
0x000000028963c000 	/usr/lib/swift/libswift_DarwinFoundation3.dylib
0x0000000196388000 	/System/Library/PrivateFrameworks/IconFoundation.framework/Versions/A/IconFoundation
0x0000000253369000 	/System/Library/PrivateFrameworks/IconRendering.framework/Versions/A/IconRendering
0x000000018f0f8000 	/System/Library/PrivateFrameworks/CoreUI.framework/Versions/A/CoreUI
0x000000019201f000 	/System/Library/Frameworks/CoreImage.framework/Versions/A/CoreImage
0x000000026a4d3000 	/System/Library/PrivateFrameworks/SFSymbols.framework/Versions/A/SFSymbols
0x000000022c046000 	/System/Library/Frameworks/DeveloperToolsSupport.framework/Versions/A/DeveloperToolsSupport
0x00000001a9018000 	/System/Library/PrivateFrameworks/RenderBox.framework/Versions/A/RenderBox
0x0000000191ca1000 	/System/Library/PrivateFrameworks/CoreSVG.framework/Versions/A/CoreSVG
0x00000001972f1000 	/System/Library/PrivateFrameworks/TextureIO.framework/Versions/A/TextureIO
0x00000001b1f4f000 	/usr/lib/swift/libswiftCoreImage.dylib
0x0000000196596000 	/System/Library/PrivateFrameworks/GraphVisualizer.framework/Versions/A/GraphVisualizer
0x0000000246dfc000 	/System/Library/PrivateFrameworks/FontServices.framework/Versions/A/FontServices
0x00000001965a6000 	/System/Library/PrivateFrameworks/OTSVG.framework/Versions/A/OTSVG
0x000000018f0a6000 	/System/Library/Frameworks/ApplicationServices.framework/Versions/A/Frameworks/ATS.framework/Versions/A/Resources/libFontRegistry.dylib
0x0000000288770000 	/usr/lib/libhvf.dylib
0x0000000263784000 	/System/Library/PrivateFrameworks/ParsingInternal.framework/Versions/A/ParsingInternal
0x0000000246e00000 	/System/Library/PrivateFrameworks/FontServices.framework/libXTFontStaticRegistryData.dylib
0x000000019250a000 	/System/Library/Frameworks/MetalPerformanceShaders.framework/Versions/A/Frameworks/MPSCore.framework/Versions/A/MPSCore
0x0000000194314000 	/System/Library/Frameworks/MetalPerformanceShaders.framework/Versions/A/Frameworks/MPSImage.framework/Versions/A/MPSImage
0x0000000193cd3000 	/System/Library/Frameworks/MetalPerformanceShaders.framework/Versions/A/Frameworks/MPSNeuralNetwork.framework/Versions/A/MPSNeuralNetwork
0x0000000194112000 	/System/Library/Frameworks/MetalPerformanceShaders.framework/Versions/A/Frameworks/MPSMatrix.framework/Versions/A/MPSMatrix
0x0000000193f2a000 	/System/Library/Frameworks/MetalPerformanceShaders.framework/Versions/A/Frameworks/MPSRayIntersector.framework/Versions/A/MPSRayIntersector
0x0000000194144000 	/System/Library/Frameworks/MetalPerformanceShaders.framework/Versions/A/Frameworks/MPSNDArray.framework/Versions/A/MPSNDArray
0x000000022e3f9000 	/System/Library/Frameworks/MetalPerformanceShaders.framework/Versions/A/Frameworks/MPSFunctions.framework/Versions/A/MPSFunctions
0x000000022e3da000 	/System/Library/Frameworks/MetalPerformanceShaders.framework/Versions/A/Frameworks/MPSBenchmarkLoop.framework/Versions/A/MPSBenchmarkLoop
0x000000022e40d000 	/System/Library/Frameworks/MetalPerformanceShaders.framework/Versions/A/Frameworks/MPSHost.framework/Versions/A/MPSHost
0x000000018545f000 	/System/Library/PrivateFrameworks/MetalTools.framework/Versions/A/MetalTools
0x00000001b7168000 	/System/Library/PrivateFrameworks/IOAccelMemoryInfo.framework/Versions/A/IOAccelMemoryInfo
0x00000001c567c000 	/System/Library/PrivateFrameworks/kperf.framework/Versions/A/kperf
0x00000001b1ecb000 	/System/Library/PrivateFrameworks/GPURawCounter.framework/Versions/A/GPURawCounter
0x00000001a2efb000 	/System/Library/PrivateFrameworks/ASEProcessing.framework/Versions/A/ASEProcessing
0x0000000266c31000 	/System/Library/PrivateFrameworks/PhotosensitivityProcessing.framework/Versions/A/PhotosensitivityProcessing
0x000000026a559000 	/System/Library/PrivateFrameworks/SILManager.framework/Versions/A/SILManager
0x0000000278e87000 	/System/Library/PrivateFrameworks/Tightbeam.framework/Versions/A/Tightbeam
0x00000001bfea2000 	/usr/lib/swift/libswiftCompression.dylib
0x00000001ca4b4000 	/System/Library/PrivateFrameworks/AFKUser.framework/Versions/A/AFKUser
0x0000000197239000 	/System/Library/Frameworks/ApplicationServices.framework/Versions/A/Frameworks/ATSUI.framework/Versions/A/ATSUI
0x000000019890f000 	/System/Library/Frameworks/AudioToolbox.framework/Versions/A/AudioToolbox
0x0000000194782000 	/System/Library/Frameworks/UserNotifications.framework/Versions/A/UserNotifications
0x00000001b78fd000 	/System/Library/PrivateFrameworks/SiriInstrumentation.framework/Versions/A/SiriInstrumentation
0x000000026c9b4000 	/System/Library/PrivateFrameworks/SiriAnalytics.framework/Versions/A/SiriAnalytics
0x00000001b5065000 	/System/Library/PrivateFrameworks/FeedbackLogger.framework/Versions/A/FeedbackLogger
0x00000001cf8f4000 	/usr/lib/swift/libswiftAVFoundation.dylib
0x000000027b6af000 	/System/Library/PrivateFrameworks/UnifiedAssetFramework.framework/Versions/A/UnifiedAssetFramework
0x0000000187705000 	/System/Library/PrivateFrameworks/AudioToolboxCore.framework/Versions/A/AudioToolboxCore
0x0000000198ae4000 	/System/Library/PrivateFrameworks/AudioSession.framework/Versions/A/AudioSession
0x00000001a417e000 	/System/Library/Frameworks/CoreMIDI.framework/Versions/A/CoreMIDI
0x0000000198b65000 	/usr/lib/libAudioStatistics.dylib
0x00000001914ee000 	/System/Library/PrivateFrameworks/caulk.framework/Versions/A/caulk
0x0000000187cf1000 	/System/Library/Frameworks/CoreAudio.framework/Versions/A/CoreAudio
0x000000019712e000 	/usr/lib/libAudioToolboxUtility.dylib
0x00000001b882b000 	/usr/lib/swift/libswiftCoreMIDI.dylib
0x0000000198f68000 	/System/Library/PrivateFrameworks/perfdata.framework/Versions/A/perfdata
0x00000001b0edc000 	/System/Library/PrivateFrameworks/SystemPolicy.framework/Versions/A/SystemPolicy
0x0000000198e0d000 	/usr/lib/libSMC.dylib
0x0000000198f76000 	/usr/lib/libperfcheck.dylib
0x0000000239a1d000 	/System/Library/PrivateFrameworks/AudioAnalytics.framework/Versions/A/AudioAnalytics
0x00000001d7dae000 	/System/Library/Frameworks/OSLog.framework/Versions/A/OSLog
0x00000001b1e72000 	/usr/lib/libmis.dylib
0x000000019f703000 	/System/Library/PrivateFrameworks/CoreTime.framework/Versions/A/CoreTime
0x00000001964a7000 	/System/Library/PrivateFrameworks/MediaExperience.framework/Versions/A/MediaExperience
0x00000001988b9000 	/System/Library/PrivateFrameworks/AudioSession.framework/libSessionUtility.dylib
0x000000019726d000 	/System/Library/PrivateFrameworks/CMCaptureCore.framework/Versions/A/CMCaptureCore
0x00000001965f3000 	/usr/lib/libspindump.dylib
0x00000001939b7000 	/System/Library/PrivateFrameworks/CoreUtils.framework/Versions/A/CoreUtils
0x00000001a9d4b000 	/System/Library/PrivateFrameworks/HID.framework/Versions/A/HID
0x0000000243a77000 	/System/Library/PrivateFrameworks/CoreUtilsExtras.framework/Versions/A/CoreUtilsExtras
0x00000002532be000 	/System/Library/PrivateFrameworks/IO80211.framework/Versions/A/IO80211
0x000000019aaa7000 	/System/Library/Frameworks/IOBluetooth.framework/Versions/A/IOBluetooth
0x0000000289448000 	/usr/lib/swift/libswiftRegexBuilder.dylib
0x0000000196103000 	/usr/lib/libIOReport.dylib
0x00000001e030e000 	/System/Library/PrivateFrameworks/WiFiPeerToPeer.framework/Versions/A/WiFiPeerToPeer
0x0000000193b53000 	/System/Library/Frameworks/SecurityFoundation.framework/Versions/A/SecurityFoundation
0x000000023c119000 	/System/Library/PrivateFrameworks/Centauri.framework/Versions/A/Centauri
0x0000000185e43000 	/System/Library/PrivateFrameworks/Lexicon.framework/Versions/A/Lexicon
0x0000000288bc0000 	/usr/lib/libmrc.dylib
0x0000000253329000 	/System/Library/PrivateFrameworks/IPConfiguration.framework/Versions/A/IPConfiguration
0x00000001d3f38000 	/System/Library/PrivateFrameworks/Netrb.framework/Versions/A/Netrb
0x000000019f0b4000 	/System/Library/PrivateFrameworks/FrontBoardServices.framework/Versions/A/FrontBoardServices
0x0000000193cbc000 	/usr/lib/libgermantok.dylib
0x00000001926f9000 	/System/Library/PrivateFrameworks/LinguisticData.framework/Versions/A/LinguisticData
0x000000019f25b000 	/System/Library/PrivateFrameworks/GraphicsServices.framework/Versions/A/GraphicsServices
0x000000019e33a000 	/System/Library/PrivateFrameworks/MediaKit.framework/Versions/A/MediaKit
0x000000019e288000 	/System/Library/Frameworks/DiscRecording.framework/Versions/A/DiscRecording
0x000000019637e000 	/usr/lib/libheimdal-asn1.dylib
0x00000001a1d63000 	/System/Library/Frameworks/AudioUnit.framework/Versions/A/AudioUnit
0x000000018f3be000 	/System/Library/Frameworks/OpenDirectory.framework/Versions/A/OpenDirectory
0x000000018f3cc000 	/System/Library/Frameworks/OpenDirectory.framework/Versions/A/Frameworks/CFOpenDirectory.framework/Versions/A/CFOpenDirectory
0x000000022a681000 	/System/Library/Frameworks/AVFAudio.framework/Versions/A/AVFAudio
0x000000022a7c5000 	/System/Library/Frameworks/AVRouting.framework/Versions/A/AVRouting
0x00000001aad67000 	/usr/lib/libAccessibility.dylib
0x0000000257157000 	/System/Library/PrivateFrameworks/IsolatedCoreAudioClient.framework/Versions/A/IsolatedCoreAudioClient
0x000000023f8af000 	/System/Library/PrivateFrameworks/CoreAudioOrchestration.framework/Versions/A/CoreAudioOrchestration
0x0000000197755000 	/System/Library/Frameworks/MediaToolbox.framework/Versions/A/MediaToolbox
0x000000019e460000 	/System/Library/PrivateFrameworks/CoreAVCHD.framework/Versions/A/CoreAVCHD
0x000000019d38f000 	/System/Library/Frameworks/MediaAccessibility.framework/Versions/A/MediaAccessibility
0x000000019e45c000 	/System/Library/PrivateFrameworks/Mangrove.framework/Versions/A/Mangrove
0x000000023b755000 	/System/Library/PrivateFrameworks/CMPhoto.framework/Versions/A/CMPhoto
0x000000019ec29000 	/System/Library/Frameworks/CoreTelephony.framework/Versions/A/CoreTelephony
0x000000019e44f000 	/System/Library/PrivateFrameworks/CoreAUC.framework/Versions/A/CoreAUC
0x00000002388c6000 	/System/Library/PrivateFrameworks/AppleJPEGXL.framework/Versions/A/AppleJPEGXL
0x000000027d5f7000 	/System/Library/PrivateFrameworks/VideoToolboxParavirtualizationSupport.framework/Versions/A/VideoToolboxParavirtualizationSupport
0x000000019631a000 	/System/Library/PrivateFrameworks/AppleVA.framework/Versions/A/AppleVA
0x0000000199180000 	/usr/lib/libTelephonyUtilDynamic.dylib
0x0000000197200000 	/System/Library/PrivateFrameworks/GPUWrangler.framework/Versions/A/GPUWrangler
0x00000001971e0000 	/System/Library/PrivateFrameworks/IOPresentment.framework/Versions/A/IOPresentment
0x0000000197208000 	/System/Library/PrivateFrameworks/DSExternalDisplay.framework/Versions/A/DSExternalDisplay
0x00000001daea0000 	/System/Library/Frameworks/CryptoKit.framework/Versions/A/CryptoKit
0x00000001a1d5e000 	/System/Library/PrivateFrameworks/CryptoKitCBridging.framework/Versions/A/CryptoKitCBridging
0x000000019f26d000 	/System/Library/Frameworks/CryptoTokenKit.framework/Versions/A/CryptoTokenKit
0x00000002445cf000 	/System/Library/PrivateFrameworks/Dendrite.framework/Versions/A/Dendrite
0x00000001b1a73000 	/System/Library/Frameworks/NaturalLanguage.framework/Versions/A/NaturalLanguage
0x000000024fce8000 	/System/Library/PrivateFrameworks/GenerativeModels.framework/Versions/A/GenerativeModels
0x00000001e0296000 	/usr/lib/swift/libswiftNaturalLanguage.dylib
0x000000023943c000 	/System/Library/PrivateFrameworks/AppleMobileFileIntegrity.framework/Versions/A/AppleMobileFileIntegrity
0x0000000287d1f000 	/usr/lib/libTLE.dylib
0x00000001e999d000 	/System/Library/PrivateFrameworks/ConfigProfileHelper.framework/Versions/A/ConfigProfileHelper
0x00000001a1eed000 	/System/Library/PrivateFrameworks/Espresso.framework/Versions/A/Espresso
0x000000018fb4d000 	/System/Library/Frameworks/CoreML.framework/Versions/A/CoreML
0x00000001de153000 	/usr/lib/libedit.3.dylib
0x0000000227490000 	/System/Library/PrivateFrameworks/ANECompiler.framework/Versions/A/ANECompiler
0x00000001a3fc2000 	/System/Library/PrivateFrameworks/AppleNeuralEngine.framework/Versions/A/AppleNeuralEngine
0x000000022e413000 	/System/Library/Frameworks/MetalPerformanceShadersGraph.framework/Versions/A/MetalPerformanceShadersGraph
0x0000000258ffa000 	/System/Library/PrivateFrameworks/MLCompilerServices.framework/Versions/A/MLCompilerServices
0x00000001a2d3f000 	/System/Library/PrivateFrameworks/ANEServices.framework/Versions/A/ANEServices
0x00000001b712b000 	/usr/lib/libncurses.5.4.dylib
0x0000000188ffa000 	/usr/lib/libsandbox.1.dylib
0x00000001962a4000 	/usr/lib/libMatch.1.dylib
0x000000026287a000 	/System/Library/PrivateFrameworks/ODIE.framework/Versions/A/ODIE
0x000000025bc87000 	/System/Library/PrivateFrameworks/MLModelAsset.framework/Versions/A/MLModelAsset
0x0000000258fa0000 	/System/Library/PrivateFrameworks/MLCompilerRuntime.framework/Versions/A/MLCompilerRuntime
0x0000000193f7f000 	/System/Library/Frameworks/MLCompute.framework/Versions/A/MLCompute
0x0000000258f22000 	/System/Library/PrivateFrameworks/MLAssetIO.framework/Versions/A/MLAssetIO
0x000000028941a000 	/usr/lib/swift/libswiftMLCompute.dylib
0x000000019ee44000 	/System/Library/PrivateFrameworks/AVFCore.framework/Versions/A/AVFCore
0x00000001a8669000 	/System/Library/PrivateFrameworks/AVFCapture.framework/Versions/A/AVFCapture
0x000000023b54c000 	/System/Library/PrivateFrameworks/CMImaging.framework/Versions/A/CMImaging
0x00000001a88ab000 	/System/Library/PrivateFrameworks/Quagga.framework/Versions/A/Quagga
0x00000001a89dc000 	/System/Library/PrivateFrameworks/CMCapture.framework/Versions/A/CMCapture
0x0000000198d0a000 	/System/Library/Frameworks/CoreMediaIO.framework/Versions/A/CoreMediaIO
0x000000023b487000 	/System/Library/PrivateFrameworks/CMCaptureDevice.framework/Versions/A/CMCaptureDevice
0x00000001966df000 	/System/Library/PrivateFrameworks/CoreBrightness.framework/Versions/A/CoreBrightness
0x000000023c610000 	/System/Library/PrivateFrameworks/CinematicFraming.framework/Versions/A/CinematicFraming
0x000000025ed62000 	/System/Library/PrivateFrameworks/ModelManagerServices.framework/Versions/A/ModelManagerServices
0x00000001cc95e000 	/System/Library/PrivateFrameworks/CPMS.framework/Versions/A/CPMS
0x00000002765af000 	/System/Library/PrivateFrameworks/SystemStatus.framework/Versions/A/SystemStatus
0x00000001b08b1000 	/System/Library/Frameworks/CoreMotion.framework/Versions/A/CoreMotion
0x00000001c0e7e000 	/System/Library/PrivateFrameworks/TimeSync.framework/Versions/A/TimeSync
0x0000000244f95000 	/System/Library/PrivateFrameworks/DistributedSensing.framework/Versions/A/DistributedSensing
0x00000001bc273000 	/System/Library/PrivateFrameworks/MobileBluetooth.framework/Versions/A/MobileBluetooth
0x00000001c2b3c000 	/System/Library/PrivateFrameworks/IOKitten.framework/Versions/A/IOKitten
0x000000025876d000 	/System/Library/PrivateFrameworks/LocationLogEncryption.framework/Versions/A/LocationLogEncryption
0x0000000238740000 	/System/Library/PrivateFrameworks/AppleIntelligenceReporting.framework/Versions/A/AppleIntelligenceReporting
0x000000023c065000 	/System/Library/PrivateFrameworks/CascadeSets.framework/Versions/A/CascadeSets
0x00000001938c6000 	/System/Library/PrivateFrameworks/CoreEmoji.framework/Versions/A/CoreEmoji
0x0000000186155000 	/usr/lib/libCRFSuite.dylib
0x0000000187435000 	/System/Library/PrivateFrameworks/LanguageModeling.framework/Versions/A/LanguageModeling
0x00000001925d9000 	/System/Library/PrivateFrameworks/CoreNLP.framework/Versions/A/CoreNLP
0x000000018c3ab000 	/System/Library/PrivateFrameworks/Montreal.framework/Versions/A/Montreal
0x0000000194a36000 	/usr/lib/libcmph.dylib
0x0000000193c5d000 	/usr/lib/libmecab.dylib
0x0000000194ba7000 	/usr/lib/libThaiTokenizer.dylib
0x000000024fdca000 	/System/Library/PrivateFrameworks/GenerativeModelsFoundation.framework/Versions/A/GenerativeModelsFoundation
0x000000027938c000 	/System/Library/PrivateFrameworks/TokenGeneration.framework/Versions/A/TokenGeneration
0x000000024fb9e000 	/System/Library/PrivateFrameworks/GenerativeFunctions.framework/Versions/A/GenerativeFunctions
0x000000024fbec000 	/System/Library/PrivateFrameworks/GenerativeFunctionsFoundation.framework/Versions/A/GenerativeFunctionsFoundation
0x000000025ea28000 	/System/Library/PrivateFrameworks/ModelCatalog.framework/Versions/A/ModelCatalog
0x000000026bbce000 	/System/Library/PrivateFrameworks/SensitiveContentAnalysisML.framework/Versions/A/SensitiveContentAnalysisML
0x000000024fc82000 	/System/Library/PrivateFrameworks/GenerativeFunctionsInstrumentation.framework/Versions/A/GenerativeFunctionsInstrumentation
0x0000000268a46000 	/System/Library/PrivateFrameworks/PromptKit.framework/Versions/A/PromptKit
0x000000026845d000 	/System/Library/PrivateFrameworks/ProactiveDaemonSupport.framework/Versions/A/ProactiveDaemonSupport
0x00000002795c4000 	/System/Library/PrivateFrameworks/TokenGenerationCore.framework/Versions/A/TokenGenerationCore
0x00000001b293e000 	/System/Library/PrivateFrameworks/Trial.framework/Versions/A/Trial
0x00000001b28bf000 	/System/Library/PrivateFrameworks/TrialProto.framework/Versions/A/TrialProto
0x000000023836c000 	/System/Library/PrivateFrameworks/AppleFlatBuffers.framework/Versions/A/AppleFlatBuffers
0x000000026be9e000 	/System/Library/PrivateFrameworks/SentencePieceInternal.framework/Versions/A/SentencePieceInternal
0x000000019d3e9000 	/System/Library/Frameworks/Vision.framework/Versions/A/Vision
0x0000000243759000 	/System/Library/PrivateFrameworks/CoreSceneUnderstanding.framework/Versions/A/CoreSceneUnderstanding
0x000000027e204000 	/System/Library/PrivateFrameworks/VisionCore.framework/Versions/A/VisionCore
0x0000000197692000 	/System/Library/PrivateFrameworks/DataDetectorsCore.framework/Versions/A/DataDetectorsCore
0x00000001bb201000 	/System/Library/Frameworks/Vision.framework/libfaceCore.dylib
0x00000001bbd1b000 	/System/Library/PrivateFrameworks/Futhark.framework/Versions/A/Futhark
0x00000001bfc5b000 	/System/Library/PrivateFrameworks/InertiaCam.framework/Versions/A/InertiaCam
0x00000001bbaa8000 	/System/Library/PrivateFrameworks/TextRecognition.framework/Versions/A/TextRecognition
0x000000022c02f000 	/System/Library/Frameworks/DataDetection.framework/Versions/A/DataDetection
0x00000001b5cd1000 	/System/Library/PrivateFrameworks/TextInput.framework/Versions/A/TextInput
0x0000000196141000 	/System/Library/PrivateFrameworks/CVNLP.framework/Versions/A/CVNLP
0x000000022bb14000 	/System/Library/Frameworks/CoreTransferable.framework/Versions/A/CoreTransferable
0x0000000198f4d000 	/System/Library/PrivateFrameworks/NetAuth.framework/Versions/A/NetAuth
0x000000018f5e2000 	/System/Library/PrivateFrameworks/login.framework/Versions/A/Frameworks/loginsupport.framework/Versions/A/loginsupport
0x000000018a77a000 	/System/Library/PrivateFrameworks/UIFoundation.framework/Versions/A/UIFoundation
0x00000001965fa000 	/System/Library/PrivateFrameworks/Heimdal.framework/Versions/A/Heimdal
0x0000000198bf5000 	/usr/lib/libresolv.9.dylib
0x0000000198fe8000 	/System/Library/PrivateFrameworks/CommonAuth.framework/Versions/A/CommonAuth
0x0000000193c27000 	/usr/lib/libCheckFix.dylib
0x000000018e768000 	/System/Library/PrivateFrameworks/MetadataUtilities.framework/Versions/A/MetadataUtilities
0x0000000253db0000 	/System/Library/PrivateFrameworks/InstalledContentLibrary.framework/Versions/A/InstalledContentLibrary
0x0000000188ebe000 	/System/Library/PrivateFrameworks/CoreServicesStore.framework/Versions/A/CoreServicesStore
0x000000018f42d000 	/usr/lib/libapp_launch_measurement.dylib
0x00000001c5793000 	/System/Library/PrivateFrameworks/MobileSystemServices.framework/Versions/A/MobileSystemServices
0x0000000195fc6000 	/usr/lib/libxslt.1.dylib
0x0000000193be6000 	/System/Library/PrivateFrameworks/BackgroundTaskManagement.framework/Versions/A/BackgroundTaskManagement
0x00000001a13f4000 	/usr/lib/libcurl.4.dylib
0x0000000288524000 	/usr/lib/libcrypto.46.dylib
0x00000002890c3000 	/usr/lib/libssl.48.dylib
0x00000001a10ce000 	/System/Library/Frameworks/LDAP.framework/Versions/A/LDAP
0x0000000198f84000 	/System/Library/Frameworks/Kerberos.framework/Versions/A/Kerberos
0x00000001a110a000 	/System/Library/PrivateFrameworks/TrustEvaluationAgent.framework/Versions/A/TrustEvaluationAgent
0x0000000198c12000 	/usr/lib/libsasl2.2.dylib
0x00000001a1d62000 	/System/Library/Frameworks/Kerberos.framework/Versions/A/Libraries/libHeimdalProxy.dylib
0x0000000267045000 	/System/Library/PrivateFrameworks/PoirotSQLite.framework/Versions/A/PoirotSQLite
0x00000001d8297000 	/System/Library/PrivateFrameworks/HIDDisplay.framework/Versions/A/HIDDisplay
0x0000000198eee000 	/usr/lib/libcups.2.dylib
0x00000001aac5b000 	/System/Library/PrivateFrameworks/AXCoreUtilities.framework/Versions/A/AXCoreUtilities
0x00000001bb04c000 	/System/Library/PrivateFrameworks/AttributeGraph.framework/Versions/A/AttributeGraph
0x0000000287820000 	/usr/lib/libAXSafeCategoryBundle.dylib
0x000000023279e000 	/System/Library/Frameworks/TabularData.framework/Versions/A/TabularData
0x00000002395ec000 	/System/Library/PrivateFrameworks/ArgumentParserInternal.framework/Versions/A/ArgumentParserInternal
0x00000001a4371000 	/System/Library/Frameworks/Cocoa.framework/Versions/A/Cocoa
0x0000000189057000 	/System/Library/Frameworks/AppKit.framework/Versions/C/AppKit
0x000000023d490000 	/System/Library/PrivateFrameworks/CollectionViewCore.framework/Versions/A/CollectionViewCore
0x0000000191c9b000 	/System/Library/PrivateFrameworks/XCTTargetBootstrap.framework/Versions/A/XCTTargetBootstrap
0x00000001976e4000 	/System/Library/PrivateFrameworks/UserActivity.framework/Versions/A/UserActivity
0x0000000246efe000 	/System/Library/PrivateFrameworks/FrontBoard.framework/Versions/A/FrontBoard
0x000000027afd4000 	/System/Library/PrivateFrameworks/UIIntelligenceSupport.framework/Versions/A/UIIntelligenceSupport
0x0000000231827000 	/System/Library/Frameworks/SwiftUICore.framework/Versions/A/SwiftUICore
0x0000000281b68000 	/System/Library/PrivateFrameworks/WritingTools.framework/Versions/A/WritingTools
0x0000000280963000 	/System/Library/PrivateFrameworks/WindowManagement.framework/Versions/A/WindowManagement
0x0000000246c33000 	/System/Library/PrivateFrameworks/FocusEngine.framework/Versions/A/FocusEngine
0x000000024463f000 	/System/Library/PrivateFrameworks/DesignLibrary.framework/Versions/A/DesignLibrary
0x0000000191c86000 	/System/Library/PrivateFrameworks/DFRFoundation.framework/Versions/A/DFRFoundation
0x000000027bf1d000 	/System/Library/PrivateFrameworks/UpdateCycle.framework/Versions/A/UpdateCycle
0x000000019198a000 	/System/Library/Frameworks/Carbon.framework/Versions/A/Frameworks/HIToolbox.framework/Versions/A/HIToolbox
0x000000019ccaf000 	/System/Library/Frameworks/Carbon.framework/Versions/A/Frameworks/SpeechRecognition.framework/Versions/A/SpeechRecognition
0x000000018f3b4000 	/System/Library/PrivateFrameworks/PerformanceAnalysis.framework/Versions/A/PerformanceAnalysis
0x000000019d03f000 	/System/Library/Frameworks/Accessibility.framework/Versions/A/Accessibility
0x0000000232784000 	/System/Library/Frameworks/Symbols.framework/Versions/A/Symbols
0x0000000250193000 	/System/Library/PrivateFrameworks/Gestures.framework/Versions/A/Gestures
0x00000002894eb000 	/usr/lib/swift/libswiftSpatial.dylib
0x00000001aed84000 	/usr/lib/swift/libswiftCoreGraphics.dylib
0x000000019da83000 	/usr/lib/swift/libswiftFoundation.dylib
0x00000001e9341000 	/usr/lib/swift/libswiftSwiftOnoneSupport.dylib
0x0000000289771000 	/usr/lib/swift/libswiftsys_time.dylib
0x00000001d3f76000 	/System/Library/PrivateFrameworks/CoreMaterial.framework/Versions/A/CoreMaterial
0x0000000287d1c000 	/usr/lib/libSpatial.dylib
0x000000028773d000 	/System/Library/SubFrameworks/UIUtilities.framework/Versions/A/UIUtilities
0x0000000111284000 	/Library/Java/JavaVirtualMachines/temurin-25.jdk/Contents/Home/lib/server/libjvm.dylib
0x000000010458c000 	/Library/Java/JavaVirtualMachines/temurin-25.jdk/Contents/Home/lib/libjimage.dylib
0x0000000108d54000 	/Library/Java/JavaVirtualMachines/temurin-25.jdk/Contents/Home/lib/libjava.dylib
0x00000001101d8000 	/Library/Java/JavaVirtualMachines/temurin-25.jdk/Contents/Home/lib/libnio.dylib
0x0000000108fcc000 	/Library/Java/JavaVirtualMachines/temurin-25.jdk/Contents/Home/lib/libnet.dylib
0x0000000110220000 	/Library/Java/JavaVirtualMachines/temurin-25.jdk/Contents/Home/lib/libzip.dylib
0x0000000110294000 	/private/var/folders/p7/vhv4lqg12pj2spxrn1n67ks00000gn/T/lwjgl_matthew/3.4.1+2/arm64/liblwjgl.dylib
0x00000001102e0000 	/private/var/folders/p7/vhv4lqg12pj2spxrn1n67ks00000gn/T/lwjgl_matthew/3.4.1+2/arm64/libglfw.dylib
0x000000022a935000 	/System/Library/Frameworks/AppIntents.framework/Versions/A/AppIntents
0x0000000230ef6000 	/System/Library/Frameworks/RelevanceKit.framework/Versions/A/RelevanceKit
0x00000001947d3000 	/System/Library/Frameworks/CoreSpotlight.framework/Versions/A/CoreSpotlight
0x00000002582e2000 	/System/Library/PrivateFrameworks/LinkServices.framework/Versions/A/LinkServices
0x000000019dd48000 	/System/Library/Frameworks/Contacts.framework/Versions/A/Contacts
0x0000000236fb6000 	/System/Library/PrivateFrameworks/AppIntentsTypeSupport.framework/Versions/A/AppIntentsTypeSupport
0x0000000245091000 	/System/Library/PrivateFrameworks/DoNotDisturb.framework/Versions/A/DoNotDisturb
0x0000000258130000 	/System/Library/PrivateFrameworks/LinkMetadata.framework/Versions/A/LinkMetadata
0x00000001b1ef6000 	/usr/lib/swift/libswiftIntents.dylib
0x00000001b7285000 	/System/Library/PrivateFrameworks/IntentsCore.framework/Versions/A/IntentsCore
0x0000000239efc000 	/System/Library/PrivateFrameworks/AvailabilityKit.framework/Versions/A/AvailabilityKit
0x0000000236b99000 	/System/Library/PrivateFrameworks/AppIntentSchemas.framework/Versions/A/AppIntentSchemas
0x000000022ca82000 	/System/Library/Frameworks/GeoToolbox.framework/Versions/A/GeoToolbox
0x000000024ca30000 	/System/Library/PrivateFrameworks/GRDBInternal.framework/Versions/A/GRDBInternal
0x000000027511b000 	/System/Library/PrivateFrameworks/StatusKit.framework/Versions/A/StatusKit
0x000000019db5f000 	/System/Library/PrivateFrameworks/ContactsPersistence.framework/Versions/A/ContactsPersistence
0x000000019ccb3000 	/System/Library/PrivateFrameworks/AppleLDAP.framework/Versions/A/AppleLDAP
0x00000001a1792000 	/System/Library/Frameworks/ClassKit.framework/Versions/A/ClassKit
0x00000001a3a41000 	/System/Library/PrivateFrameworks/CoreSuggestions.framework/Versions/A/CoreSuggestions
0x000000019da84000 	/System/Library/PrivateFrameworks/ContactsFoundation.framework/Versions/A/ContactsFoundation
0x000000019f21b000 	/System/Library/PrivateFrameworks/vCard.framework/Versions/A/vCard
0x000000023da61000 	/System/Library/PrivateFrameworks/ContactsMetrics.framework/Versions/A/ContactsMetrics
0x00000001966bb000 	/System/Library/PrivateFrameworks/login.framework/Versions/A/login
0x000000025c716000 	/System/Library/PrivateFrameworks/ManagedOrganizationContacts.framework/Versions/A/ManagedOrganizationContacts
0x000000018fa78000 	/System/Library/PrivateFrameworks/CloudDocs.framework/Versions/A/CloudDocs
0x00000001aa60f000 	/System/Library/PrivateFrameworks/ProactiveEventTracker.framework/Versions/A/ProactiveEventTracker
0x000000019e665000 	/System/Library/PrivateFrameworks/GenerationalStorage.framework/Versions/A/GenerationalStorage
0x00000001990de000 	/System/Library/PrivateFrameworks/CacheDelete.framework/Versions/A/CacheDelete
0x00000001a1e9f000 	/System/Library/Frameworks/QuickLookThumbnailing.framework/Versions/A/QuickLookThumbnailing
0x000000019e48e000 	/System/Library/Frameworks/FileProvider.framework/Versions/A/FileProvider
0x000000018a94a000 	/System/Library/PrivateFrameworks/DesktopServicesPriv.framework/Versions/A/DesktopServicesPriv
0x00000001b1951000 	/System/Library/PrivateFrameworks/FTServices.framework/Versions/A/FTServices
0x00000001a9d00000 	/System/Library/PrivateFrameworks/CloudServices.framework/Versions/A/CloudServices
0x0000000190f32000 	/System/Library/Frameworks/CoreLocation.framework/Versions/A/CoreLocation
0x00000001a051f000 	/System/Library/Frameworks/Intents.framework/Versions/A/Intents
0x00000001943fb000 	/System/Library/PrivateFrameworks/AuthKit.framework/Versions/A/AuthKit
0x00000001b8809000 	/usr/lib/swift/libswiftCoreLocation.dylib
0x000000019a69e000 	/System/Library/PrivateFrameworks/Sharing.framework/Versions/A/Sharing
0x000000019a023000 	/System/Library/PrivateFrameworks/IDSFoundation.framework/Versions/A/IDSFoundation
0x00000001a0b98000 	/System/Library/PrivateFrameworks/Apple80211.framework/Versions/A/Apple80211
0x0000000193934000 	/System/Library/Frameworks/CoreWLAN.framework/Versions/A/CoreWLAN
0x0000000198806000 	/System/Library/PrivateFrameworks/IMFoundation.framework/Versions/A/IMFoundation
0x00000001aa06b000 	/System/Library/PrivateFrameworks/Marco.framework/Versions/A/Marco
0x000000018cd14000 	/System/Library/PrivateFrameworks/CommonUtilities.framework/Versions/A/CommonUtilities
0x00000001a6a39000 	/System/Library/PrivateFrameworks/Engram.framework/Versions/A/Engram
0x000000028206f000 	/System/Library/PrivateFrameworks/XPCDistributed.framework/Versions/A/XPCDistributed
0x00000001a69d7000 	/usr/lib/libtidy.A.dylib
0x000000019690e000 	/System/Library/PrivateFrameworks/Bom.framework/Versions/A/Bom
0x0000000198c32000 	/usr/lib/libParallelCompression.dylib
0x0000000198c25000 	/System/Library/PrivateFrameworks/MultiverseSupport.framework/Versions/A/MultiverseSupport
0x000000019e36c000 	/System/Library/PrivateFrameworks/DiskManagement.framework/Versions/A/DiskManagement
0x000000019e27b000 	/System/Library/PrivateFrameworks/AppleIDAuthSupport.framework/Versions/A/AppleIDAuthSupport
0x0000000234033000 	/System/Library/PrivateFrameworks/AAAFoundation.framework/Versions/A/AAAFoundation
0x000000019912d000 	/System/Library/PrivateFrameworks/KeychainCircle.framework/Versions/A/KeychainCircle
0x00000001aac51000 	/System/Library/PrivateFrameworks/URLFormatting.framework/Versions/A/URLFormatting
0x00000001a13e8000 	/usr/lib/libcsfde.dylib
0x00000001962ac000 	/usr/lib/libCoreStorage.dylib
0x000000019ab7d000 	/System/Library/PrivateFrameworks/ProtectedCloudStorage.framework/Versions/A/ProtectedCloudStorage
0x00000001a13e3000 	/System/Library/PrivateFrameworks/EFILogin.framework/Versions/A/EFILogin
0x000000019e68c000 	/System/Library/PrivateFrameworks/OctagonTrust.framework/Versions/A/OctagonTrust
0x0000000199dfd000 	/System/Library/PrivateFrameworks/IDS.framework/Versions/A/IDS
0x000000019f2ef000 	/System/Library/Frameworks/LocalAuthentication.framework/Versions/A/LocalAuthentication
0x0000000258520000 	/System/Library/PrivateFrameworks/LocalAuthenticationCore.framework/Versions/A/LocalAuthenticationCore
0x00000002586e8000 	/System/Library/PrivateFrameworks/LocalAuthenticationCredentialServices.framework/Versions/A/LocalAuthenticationCredentialServices
0x000000019f35c000 	/System/Library/Frameworks/LocalAuthentication.framework/Support/SharedUtils.framework/Versions/A/SharedUtils
0x00000002398a7000 	/System/Library/PrivateFrameworks/AsyncAlgorithmsInternal.framework/Versions/A/AsyncAlgorithmsInternal
0x00000001c08e9000 	/System/Library/PrivateFrameworks/FTAWD.framework/Versions/A/FTAWD
0x00000001a1e27000 	/System/Library/PrivateFrameworks/IntentsFoundation.framework/Versions/A/IntentsFoundation
0x000000018f5e5000 	/System/Library/PrivateFrameworks/ApplePushService.framework/Versions/A/ApplePushService
0x000000018f650000 	/System/Library/Frameworks/CloudKit.framework/Versions/A/CloudKit
0x00000001c891d000 	/System/Library/PrivateFrameworks/DeviceIdentity.framework/Versions/A/DeviceIdentity
0x0000000231380000 	/System/Library/Frameworks/SharedWithYouCore.framework/Versions/A/SharedWithYouCore
0x000000023ceef000 	/System/Library/PrivateFrameworks/CloudTelemetry.framework/Versions/A/CloudTelemetry
0x00000001a185a000 	/System/Library/PrivateFrameworks/AppleAccount.framework/Versions/A/AppleAccount
0x00000001a1e42000 	/System/Library/PrivateFrameworks/C2.framework/Versions/A/C2
0x000000023cb43000 	/System/Library/PrivateFrameworks/CloudCoreInternal.framework/Versions/A/CloudCoreInternal
0x000000023c8ab000 	/System/Library/PrivateFrameworks/CloudAsset.framework/Versions/A/CloudAsset
0x00000001a1e38000 	/System/Library/Frameworks/PushKit.framework/Versions/A/PushKit
0x000000023cf14000 	/System/Library/PrivateFrameworks/CloudTelemetryTools.framework/Versions/A/CloudTelemetryTools
0x000000023cf05000 	/System/Library/PrivateFrameworks/CloudTelemetryShared.dylib
0x00000001a3d18000 	/System/Library/PrivateFrameworks/RTCReporting.framework/Versions/A/RTCReporting
0x0000000234056000 	/System/Library/PrivateFrameworks/AAAFoundationSwift.framework/Versions/A/AAAFoundationSwift
0x00000001a1ae0000 	/System/Library/PrivateFrameworks/AppleIDSSOAuthentication.framework/Versions/A/AppleIDSSOAuthentication
0x000000018f27f000 	/System/Library/PrivateFrameworks/ViewBridge.framework/Versions/A/ViewBridge
0x0000000233609000 	/System/Library/Frameworks/_AppIntents_AppKit.framework/Versions/A/_AppIntents_AppKit
0x0000000287824000 	/usr/lib/libAccessibilityBaseImplementations.dylib
0x0000000110e44000 	/usr/lib/libobjc-trampolines.dylib
0x0000000281b6d000 	/System/Library/PrivateFrameworks/WritingToolsUI.framework/Versions/A/WritingToolsUI
0x000000024f9b9000 	/System/Library/PrivateFrameworks/GenerativeAssistantSettings.framework/Versions/A/GenerativeAssistantSettings
0x0000000276e88000 	/System/Library/PrivateFrameworks/TextComposer.framework/Versions/A/TextComposer
0x000000024f98c000 	/System/Library/PrivateFrameworks/GenerativeAssistantCommon.framework/Versions/A/GenerativeAssistantCommon
0x00000001b9902000 	/System/Library/Frameworks/SwiftUI.framework/Versions/A/SwiftUI
0x00000002368b6000 	/System/Library/PrivateFrameworks/Anvil.framework/Versions/A/Anvil
0x000000024fe40000 	/System/Library/PrivateFrameworks/GenerativePartnerService.framework/Versions/A/GenerativePartnerService
0x000000024fe6b000 	/System/Library/PrivateFrameworks/GenerativePartnerServiceUI.framework/Versions/A/GenerativePartnerServiceUI
0x00000001b1aed000 	/System/Library/Frameworks/SafariServices.framework/Versions/A/SafariServices
0x00000001aee7d000 	/System/Library/Frameworks/WebKit.framework/Versions/A/WebKit
0x0000000233648000 	/System/Library/Frameworks/_AuthenticationServices_SwiftUI.framework/Versions/A/_AuthenticationServices_SwiftUI
0x00000001b8e81000 	/System/Library/PrivateFrameworks/AppStoreDaemon.framework/Versions/A/AppStoreDaemon
0x00000001a43c7000 	/System/Library/PrivateFrameworks/AppleMediaServices.framework/Versions/A/AppleMediaServices
0x00000001b5094000 	/System/Library/PrivateFrameworks/AppleMediaServicesUI.framework/Versions/A/AppleMediaServicesUI
0x00000001e889b000 	/System/Library/PrivateFrameworks/JetEngine.framework/Versions/A/JetEngine
0x00000001b27cf000 	/System/Library/PrivateFrameworks/OnBoardingKit.framework/Versions/A/OnBoardingKit
0x000000026c1df000 	/System/Library/PrivateFrameworks/Settings.framework/Versions/A/Settings
0x000000022c304000 	/System/Library/Frameworks/ExtensionKit.framework/Versions/A/ExtensionKit
0x000000022c347000 	/System/Library/Frameworks/FSKit.framework/Versions/A/FSKit
0x0000000276d64000 	/System/Library/PrivateFrameworks/TextAnimationSupport.framework/Versions/A/TextAnimationSupport
0x000000026930c000 	/System/Library/PrivateFrameworks/RecapPerformanceTesting.framework/Versions/A/RecapPerformanceTesting
0x00000001b27bf000 	/System/Library/PrivateFrameworks/SignpostCollection.framework/Versions/A/SignpostCollection
0x00000001a3d49000 	/System/Library/Frameworks/WebKit.framework/Versions/A/Frameworks/WebKitLegacy.framework/Versions/A/WebKitLegacy
0x00000001b08b0000 	/System/Library/Frameworks/Carbon.framework/Versions/A/Carbon
0x00000001a1b31000 	/System/Library/PrivateFrameworks/CorePrediction.framework/Versions/A/CorePrediction
0x0000000190387000 	/System/Library/Frameworks/WebKit.framework/Versions/A/Frameworks/WebCore.framework/Versions/A/Frameworks/libwebrtc.dylib
0x0000000198c9a000 	/System/Library/Frameworks/SecurityInterface.framework/Versions/A/SecurityInterface
0x00000001b27ce000 	/System/Library/PrivateFrameworks/WebInspectorUI.framework/Versions/A/WebInspectorUI
0x00000001a6a79000 	/System/Library/Frameworks/JavaScriptCore.framework/Versions/A/JavaScriptCore
0x00000001aad9e000 	/System/Library/Frameworks/WebKit.framework/Versions/A/Frameworks/WebCore.framework/Versions/A/WebCore
0x00000001a6a72000 	/System/Library/Frameworks/Carbon.framework/Versions/A/Frameworks/CommonPanels.framework/Versions/A/CommonPanels
0x00000001a13df000 	/System/Library/Frameworks/Carbon.framework/Versions/A/Frameworks/Help.framework/Versions/A/Help
0x00000001a6a76000 	/System/Library/Frameworks/Carbon.framework/Versions/A/Frameworks/ImageCapture.framework/Versions/A/ImageCapture
0x00000001a6a51000 	/System/Library/Frameworks/Carbon.framework/Versions/A/Frameworks/OpenScripting.framework/Versions/A/OpenScripting
0x00000001a6a71000 	/System/Library/Frameworks/Carbon.framework/Versions/A/Frameworks/Ink.framework/Versions/A/Ink
0x00000001a6a6e000 	/System/Library/Frameworks/Carbon.framework/Versions/A/Frameworks/SecurityHI.framework/Versions/A/SecurityHI
0x0000000287b90000 	/usr/lib/libInterpreterSecurity.dylib
0x00000001c7510000 	/System/Library/PrivateFrameworks/XprotectFramework.framework/Versions/A/XprotectFramework
0x00000001aa06c000 	/System/Library/PrivateFrameworks/yara.framework/Versions/A/yara
0x0000000287b0d000 	/usr/lib/libEndpointSecuritySystem.dylib
0x000000022b406000 	/System/Library/Frameworks/BrowserEngineCore.framework/Versions/A/BrowserEngineCore
0x00000002331c1000 	/System/Library/Frameworks/WebKit.framework/Versions/A/Frameworks/WebCore.framework/Versions/A/Frameworks/libANGLE-shared.dylib
0x00000002803b9000 	/System/Library/PrivateFrameworks/WebGPU.framework/Versions/A/WebGPU
0x00000001b470f000 	/System/Library/Frameworks/SceneKit.framework/Versions/A/SceneKit
0x00000001c6050000 	/System/Library/Frameworks/ModelIO.framework/Versions/A/ModelIO
0x000000019ac7d000 	/System/Library/Frameworks/MetalKit.framework/Versions/A/MetalKit
0x000000019cfc1000 	/System/Library/Frameworks/GLKit.framework/Versions/A/GLKit
0x0000000289ac4000 	/usr/lib/usd/libusd_ms.dylib
0x000000027b575000 	/System/Library/PrivateFrameworks/USDLib_FormatLoaderProxy.framework/Versions/A/USDLib_FormatLoaderProxy
0x000000028976c000 	/usr/lib/swift/libswift_errno.dylib
0x00000001b1932000 	/System/Library/PrivateFrameworks/CoreOptimization.framework/Versions/A/CoreOptimization
0x0000000239da9000 	/System/Library/PrivateFrameworks/AuthenticationServicesCore.framework/Versions/A/AuthenticationServicesCore
0x00000001bc2b3000 	/System/Library/Frameworks/AuthenticationServices.framework/Versions/A/AuthenticationServices
0x000000019623f000 	/System/Library/PrivateFrameworks/SharedWebCredentials.framework/Versions/A/SharedWebCredentials
0x00000001b3699000 	/System/Library/PrivateFrameworks/SafariCore.framework/Versions/A/SafariCore
0x00000001bbdc4000 	/System/Library/PrivateFrameworks/SafariFoundation.framework/Versions/A/SafariFoundation
0x000000023b0fc000 	/System/Library/PrivateFrameworks/CBORLibrary.framework/Versions/A/CBORLibrary
0x000000023c15e000 	/System/Library/PrivateFrameworks/Chirp.framework/Versions/A/Chirp
0x000000023cdb2000 	/System/Library/PrivateFrameworks/CloudSubscriptionFeatures.framework/Versions/A/CloudSubscriptionFeatures
0x00000001e9cdc000 	/System/Library/PrivateFrameworks/RemoteManagement.framework/Versions/A/RemoteManagement
0x00000002696fb000 	/System/Library/PrivateFrameworks/RemoteManagementModel.framework/Versions/A/RemoteManagementModel
0x000000026978c000 	/System/Library/PrivateFrameworks/RemoteManagementStore.framework/Versions/A/RemoteManagementStore
0x000000019ac9c000 	/usr/lib/libxcselect.dylib
0x00000001bbd33000 	/System/Library/PrivateFrameworks/DifferentialPrivacy.framework/Versions/A/DifferentialPrivacy
0x000000025c71c000 	/System/Library/PrivateFrameworks/ManagedSettingsObjC.framework/Versions/A/ManagedSettingsObjC
0x00000001a2f20000 	/System/Library/PrivateFrameworks/ConfigurationProfiles.framework/Versions/A/ConfigurationProfiles
0x0000000258772000 	/System/Library/PrivateFrameworks/LockdownMode.framework/Versions/A/LockdownMode
0x000000027c237000 	/System/Library/PrivateFrameworks/VDAF.framework/Versions/A/VDAF
0x000000019d3a8000 	/System/Library/PrivateFrameworks/SystemAdministration.framework/Versions/A/SystemAdministration
0x00000001a8570000 	/System/Library/PrivateFrameworks/PowerlogControl.framework/Versions/A/PowerlogControl
0x00000001a8572000 	/usr/lib/libUniversalAccess.dylib
0x00000001a4e97000 	/System/Library/PrivateFrameworks/FamilyControls.framework/Versions/A/FamilyControls
0x000000019cc87000 	/System/Library/Frameworks/DirectoryService.framework/Versions/A/DirectoryService
0x00000001a1475000 	/System/Library/PrivateFrameworks/LoginUIKit.framework/Versions/A/Frameworks/LoginUICore.framework/Versions/A/LoginUICore
0x000000019690c000 	/usr/lib/libodfde.dylib
0x00000001a4e91000 	/System/Library/PrivateFrameworks/UniversalAccess.framework/Versions/A/Libraries/libUAPreferences.dylib
0x00000001a4eb9000 	/System/Library/PrivateFrameworks/CommerceKit.framework/Versions/A/Frameworks/CommerceCore.framework/Versions/A/CommerceCore
0x0000000198cd4000 	/System/Library/PrivateFrameworks/CoreFollowUp.framework/Versions/A/CoreFollowUp
0x000000024412f000 	/System/Library/PrivateFrameworks/DMCUtilities.framework/Versions/A/DMCUtilities
0x0000000258801000 	/System/Library/PrivateFrameworks/MDMClientLibrary.framework/Versions/A/MDMClientLibrary
0x0000000269780000 	/System/Library/PrivateFrameworks/RemoteManagementProtocol.framework/Versions/A/RemoteManagementProtocol
0x0000000244091000 	/System/Library/PrivateFrameworks/DEPClientLibrary.framework/Versions/A/DEPClientLibrary
0x00000002440be000 	/System/Library/PrivateFrameworks/DMCEnrollmentLibrary.framework/Versions/A/DMCEnrollmentLibrary
0x00000001a8657000 	/System/Library/PrivateFrameworks/SetupAssistantFramework.framework/Versions/A/SetupAssistantFramework
0x00000001a1b87000 	/System/Library/PrivateFrameworks/AuthKitUI.framework/Versions/A/AuthKitUI
0x00000001a14bf000 	/System/Library/PrivateFrameworks/AppSSO.framework/Versions/A/AppSSO
0x00000001b8bd4000 	/System/Library/PrivateFrameworks/LocalAuthenticationUI.framework/Versions/A/LocalAuthenticationUI
0x0000000266c95000 	/System/Library/PrivateFrameworks/PlatformSSO.framework/Versions/A/PlatformSSO
0x0000000266d83000 	/System/Library/PrivateFrameworks/PlatformSSOCore.framework/Versions/A/PlatformSSOCore
0x000000022d5fb000 	/System/Library/Frameworks/LocalAuthenticationEmbeddedUI.framework/Versions/A/LocalAuthenticationEmbeddedUI
0x00000001b96cc000 	/System/Library/PrivateFrameworks/AOSUI.framework/Versions/A/AOSUI
0x00000001aa3d0000 	/System/Library/Frameworks/ContactsUI.framework/Versions/A/ContactsUI
0x000000019e007000 	/System/Library/PrivateFrameworks/FamilyCircle.framework/Versions/A/FamilyCircle
0x00000001c791f000 	/System/Library/Frameworks/LinkPresentation.framework/Versions/A/LinkPresentation
0x00000001a9f50000 	/System/Library/PrivateFrameworks/IASUtilities.framework/Versions/A/IASUtilities
0x00000002531f3000 	/System/Library/PrivateFrameworks/IASUtilitiesCore.framework/Versions/A/IASUtilitiesCore
0x00000002697f5000 	/System/Library/PrivateFrameworks/RemoteUI.framework/Versions/A/RemoteUI
0x0000000257a85000 	/System/Library/PrivateFrameworks/LiftUI.framework/Versions/A/LiftUI
0x0000000282194000 	/System/Library/PrivateFrameworks/_IconServices_SwiftUI.framework/Versions/A/_IconServices_SwiftUI
0x000000023cce8000 	/System/Library/PrivateFrameworks/CloudSettings.framework/Versions/A/CloudSettings
0x00000001a3b14000 	/System/Library/Frameworks/EventKit.framework/Versions/A/EventKit
0x00000001b29e8000 	/System/Library/PrivateFrameworks/SearchFoundation.framework/Versions/A/SearchFoundation
0x00000001c9a86000 	/System/Library/PrivateFrameworks/Email.framework/Versions/A/Email
0x00000001b1541000 	/System/Library/PrivateFrameworks/CoreRoutine.framework/Versions/A/CoreRoutine
0x00000001e9635000 	/System/Library/PrivateFrameworks/VoiceShortcutClient.framework/Versions/A/VoiceShortcutClient
0x00000001c14ca000 	/System/Library/PrivateFrameworks/Categories.framework/Versions/A/Categories
0x00000001b9570000 	/System/Library/PrivateFrameworks/ChronoServices.framework/Versions/A/ChronoServices
0x000000023bb95000 	/System/Library/PrivateFrameworks/CalendarDatabase.framework/Versions/A/CalendarDatabase
0x000000023bad6000 	/System/Library/PrivateFrameworks/CalendarDaemon.framework/Versions/A/CalendarDaemon
0x00000001a2e5b000 	/System/Library/PrivateFrameworks/CalendarFoundation.framework/Versions/A/CalendarFoundation
0x00000001a2e16000 	/System/Library/PrivateFrameworks/iCalendar.framework/Versions/A/iCalendar
0x0000000244334000 	/System/Library/PrivateFrameworks/DataAccessExpress.framework/Versions/A/DataAccessExpress
0x00000001aa538000 	/System/Library/PrivateFrameworks/ContactsAutocomplete.framework/Versions/A/ContactsAutocomplete
0x00000001b94bc000 	/System/Library/PrivateFrameworks/FTClientServices.framework/Versions/A/FTClientServices
0x00000002757a5000 	/System/Library/PrivateFrameworks/StorageContainersPrivate.framework/Versions/A/StorageContainersPrivate
0x00000002893fb000 	/usr/lib/swift/libswiftCoreMediaIO.dylib
0x00000001a9dd1000 	/System/Library/PrivateFrameworks/CoreDAV.framework/Versions/A/CoreDAV
0x00000001a39de000 	/System/Library/PrivateFrameworks/CalDAV.framework/Versions/A/CalDAV
0x00000001aead2000 	/System/Library/PrivateFrameworks/TelephonyUtilities.framework/Versions/A/TelephonyUtilities
0x000000022d5b7000 	/System/Library/Frameworks/LiveCommunicationKit.framework/Versions/A/LiveCommunicationKit
0x000000023d60d000 	/System/Library/PrivateFrameworks/CommunicationTrust.framework/Versions/A/CommunicationTrust
0x00000001b34a8000 	/System/Library/Frameworks/CallKit.framework/Versions/A/CallKit
0x000000019e000000 	/System/Library/PrivateFrameworks/CommunicationsFilter.framework/Versions/A/CommunicationsFilter
0x00000001de292000 	/System/Library/PrivateFrameworks/IMTransferServices.framework/Versions/A/IMTransferServices
0x00000001b194b000 	/System/Library/PrivateFrameworks/IncomingCallFilter.framework/Versions/A/IncomingCallFilter
0x0000000261a4d000 	/System/Library/PrivateFrameworks/NeighborhoodActivityConduit.framework/Versions/A/NeighborhoodActivityConduit
0x00000001b5a5b000 	/System/Library/PrivateFrameworks/CallHistory.framework/Versions/A/CallHistory
0x000000028799d000 	/usr/lib/libBASupport.dylib
0x000000023bfdc000 	/System/Library/PrivateFrameworks/CallsUtilities.framework/Versions/A/CallsUtilities
0x000000023bfe8000 	/System/Library/PrivateFrameworks/CallsXPC.framework/Versions/A/CallsXPC
0x00000001e9e47000 	/usr/lib/swift/libswiftCallKit.dylib
0x000000023bfce000 	/System/Library/PrivateFrameworks/CallsPersistence.framework/Versions/A/CallsPersistence
0x00000002311ce000 	/System/Library/Frameworks/SensitiveContentAnalysis.framework/Versions/A/SensitiveContentAnalysis
0x00000001b6ad9000 	/System/Library/PrivateFrameworks/PeopleSuggester.framework/Versions/A/PeopleSuggester
0x00000001c0244000 	/System/Library/PrivateFrameworks/SpotlightReceiver.framework/Versions/A/SpotlightReceiver
0x0000000282154000 	/System/Library/PrivateFrameworks/_AppIntentsServices_AppIntents.framework/Versions/A/_AppIntentsServices_AppIntents
0x0000000236d1b000 	/System/Library/PrivateFrameworks/AppIntentsServices.framework/Versions/A/AppIntentsServices
0x00000001a2dff000 	/System/Library/PrivateFrameworks/CoreRecents.framework/Versions/A/CoreRecents
0x00000002336cb000 	/System/Library/Frameworks/_GeoToolbox_AppIntents.framework/Versions/A/_GeoToolbox_AppIntents
0x00000001d391c000 	/System/Library/PrivateFrameworks/DiagnosticRequest.framework/Versions/A/DiagnosticRequest
0x00000002693bd000 	/System/Library/PrivateFrameworks/RegulatoryDomain.framework/Versions/A/RegulatoryDomain
0x000000019d09a000 	/usr/lib/libCTGreenTeaLogger.dylib
0x0000000258745000 	/System/Library/PrivateFrameworks/LocalStatusKit.framework/Versions/A/LocalStatusKit
0x00000001ae9b9000 	/System/Library/PrivateFrameworks/CoreParsec.framework/Versions/A/CoreParsec
0x00000001c9a7a000 	/System/Library/PrivateFrameworks/EmailAddressing.framework/Versions/A/EmailAddressing
0x00000001c5859000 	/System/Library/PrivateFrameworks/EmailCore.framework/Versions/A/EmailCore
0x00000001c694e000 	/System/Library/PrivateFrameworks/EmailFoundation.framework/Versions/A/EmailFoundation
0x000000026456b000 	/System/Library/PrivateFrameworks/PegasusAPI.framework/Versions/A/PegasusAPI
0x0000000265327000 	/System/Library/PrivateFrameworks/PegasusConfiguration.framework/Versions/A/PegasusConfiguration
0x00000002799a2000 	/System/Library/PrivateFrameworks/ToolKit.framework/Versions/A/ToolKit
0x0000000269baf000 	/System/Library/PrivateFrameworks/ReplicatorEngine.framework/Versions/A/ReplicatorEngine
0x0000000269d6a000 	/System/Library/PrivateFrameworks/ReplicatorServices.framework/Versions/A/ReplicatorServices
0x0000000276628000 	/System/Library/PrivateFrameworks/SystemWake.framework/Versions/A/SystemWake
0x00000001b367f000 	/System/Library/PrivateFrameworks/ContextKit.framework/Versions/A/ContextKit
0x000000023dbab000 	/System/Library/PrivateFrameworks/ContextKitCore.framework/Versions/A/ContextKitCore
0x00000001b1be2000 	/System/Library/Frameworks/LocalAuthentication.framework/Support/DaemonUtils.framework/Versions/A/DaemonUtils
0x00000002586a7000 	/System/Library/PrivateFrameworks/LocalAuthenticationCoreUI.framework/Versions/A/LocalAuthenticationCoreUI
0x00000001b505a000 	/System/Library/PrivateFrameworks/BridgeXPC.framework/Versions/A/BridgeXPC
0x00000001b28af000 	/System/Library/PrivateFrameworks/CoreKDL.framework/Versions/A/CoreKDL
0x00000001b0ed5000 	/System/Library/PrivateFrameworks/EmbeddedOSSupportHost.framework/Versions/A/EmbeddedOSSupportHost
0x00000001a59f3000 	/System/Library/PrivateFrameworks/LoginUIKit.framework/Versions/A/LoginUIKit
0x00000001c19ca000 	/System/Library/PrivateFrameworks/StorageKit.framework/Versions/A/StorageKit
0x0000000228b0a000 	/System/Library/Frameworks/DeviceCheck.framework/Versions/A/DeviceCheck
0x0000000244d3c000 	/System/Library/PrivateFrameworks/DiskImages2.framework/Versions/A/DiskImages2
0x00000001c1a44000 	/System/Library/PrivateFrameworks/CoreWLANKit.framework/Versions/A/CoreWLANKit
0x000000027f70f000 	/System/Library/PrivateFrameworks/Wallpaper.framework/Versions/A/Wallpaper
0x0000000289416000 	/usr/lib/swift/libswiftGLKit.dylib
0x0000000289422000 	/usr/lib/swift/libswiftMetalKit.dylib
0x0000000289424000 	/usr/lib/swift/libswiftModelIO.dylib
0x00000002894e7000 	/usr/lib/swift/libswiftSceneKit.dylib
0x00000001caa02000 	/System/Library/PrivateFrameworks/DynamicDesktop.framework/Versions/A/DynamicDesktop
0x000000027f8a2000 	/System/Library/PrivateFrameworks/WallpaperFoundation.framework/Versions/A/WallpaperFoundation
0x000000027f901000 	/System/Library/PrivateFrameworks/WallpaperTypes.framework/Versions/A/WallpaperTypes
0x00000001e0088000 	/System/Library/PrivateFrameworks/SystemDesktopAppearance.framework/Versions/A/SystemDesktopAppearance
0x0000000285265000 	/System/Library/PrivateFrameworks/icloudMCCKit.framework/Versions/A/icloudMCCKit
0x0000000238067000 	/System/Library/PrivateFrameworks/AppleAccountUI.framework/Versions/A/AppleAccountUI
0x00000001d3f42000 	/System/Library/PrivateFrameworks/PreferencePanesSupport.framework/Versions/A/PreferencePanesSupport
0x00000001b987a000 	/System/Library/PrivateFrameworks/FindMyDeviceUI.framework/Versions/A/FindMyDeviceUI
0x0000000282e3c000 	/System/Library/PrivateFrameworks/iCloudQuotaUI.framework/Versions/A/iCloudQuotaUI
0x00000001d40f3000 	/System/Library/PrivateFrameworks/CoreCDPUI.framework/Versions/A/CoreCDPUI
0x00000001b33d8000 	/System/Library/PrivateFrameworks/CoreFollowUpUI.framework/Versions/A/CoreFollowUpUI
0x00000001c04c8000 	/System/Library/PrivateFrameworks/IMCore.framework/Versions/A/IMCore
0x00000001a85d7000 	/System/Library/PrivateFrameworks/CoreCDP.framework/Versions/A/CoreCDP
0x00000001a43b2000 	/System/Library/PrivateFrameworks/AskPermission.framework/Versions/A/AskPermission
0x00000001b71f9000 	/System/Library/Frameworks/Quartz.framework/Versions/A/Quartz
0x00000001c3f2f000 	/System/Library/PrivateFrameworks/CloudPhotoServicesConfiguration.framework/Versions/A/CloudPhotoServicesConfiguration
0x00000001b587b000 	/System/Library/PrivateFrameworks/CommerceKit.framework/Versions/A/CommerceKit
0x00000001c592b000 	/System/Library/PrivateFrameworks/FindMyMac.framework/Versions/A/FindMyMac
0x00000001c57fb000 	/System/Library/Frameworks/PreferencePanes.framework/Versions/A/PreferencePanes
0x00000001b8cc2000 	/System/Library/Frameworks/AddressBook.framework/Versions/A/AddressBook
0x00000001a3245000 	/System/Library/PrivateFrameworks/AOSAccounts.framework/Versions/A/AOSAccounts
0x000000019d3a2000 	/System/Library/PrivateFrameworks/AppleSRP.framework/Versions/A/AppleSRP
0x00000001a1d72000 	/System/Library/PrivateFrameworks/NetFSServer.framework/Versions/A/NetFSServer
0x00000001b45e6000 	/System/Library/Frameworks/PDFKit.framework/Versions/A/PDFKit
0x000000028943a000 	/usr/lib/swift/libswiftPassKit.dylib
0x00000001d81d2000 	/System/Library/Frameworks/PassKit.framework/Versions/A/PassKit
0x00000001a5b02000 	/System/Library/PrivateFrameworks/PassKitCore.framework/Versions/A/PassKitCore
0x0000000263e84000 	/System/Library/PrivateFrameworks/PassKitMacHelperTemp.framework/Versions/A/PassKitMacHelperTemp
0x00000002878f8000 	/usr/lib/libAppleSSE.dylib
0x00000001b1c2a000 	/System/Library/PrivateFrameworks/BiometricKit.framework/Versions/A/BiometricKit
0x000000026a3c8000 	/System/Library/PrivateFrameworks/SEService.framework/Versions/A/SEService
0x000000022c411000 	/System/Library/Frameworks/FinanceKit.framework/Versions/A/FinanceKit
0x00000001b72a5000 	/System/Library/PrivateFrameworks/NearField.framework/Versions/A/NearField
0x000000026a33f000 	/System/Library/PrivateFrameworks/SESShared.framework/Versions/A/SESShared
0x000000026a631000 	/System/Library/PrivateFrameworks/STSXPCHelperClient.framework/Versions/A/STSXPCHelperClient
0x00000001b90dc000 	/usr/lib/libnfshared.dylib
0x00000002763a8000 	/System/Library/PrivateFrameworks/Symptoms.framework/Versions/A/Frameworks/SymptomPresentationFeed.framework/Versions/A/SymptomPresentationFeed
0x0000000238b3f000 	/System/Library/PrivateFrameworks/AppleMediaServicesKitInternal.framework/Versions/A/AppleMediaServicesKitInternal
0x00000002760e3000 	/System/Library/PrivateFrameworks/SymptomShared.framework/Versions/A/SymptomShared
0x00000001db116000 	/System/Library/PrivateFrameworks/PassKitUIFoundation.framework/Versions/A/PassKitUIFoundation
0x000000019ccc5000 	/System/Library/Frameworks/MapKit.framework/Versions/A/MapKit
0x000000024ff0f000 	/System/Library/PrivateFrameworks/GeoAnalytics.framework/Versions/A/GeoAnalytics
0x00000001b910a000 	/System/Library/PrivateFrameworks/Navigation.framework/Versions/A/Navigation
0x00000001c2fb0000 	/System/Library/PrivateFrameworks/VectorKit.framework/Versions/A/VectorKit
0x00000001aa019000 	/System/Library/PrivateFrameworks/VirtualGarage.framework/Versions/A/VirtualGarage
0x00000001b9307000 	/System/Library/Frameworks/ExternalAccessory.framework/ExternalAccessory
0x00000001b9322000 	/System/Library/PrivateFrameworks/IAP.framework/Versions/A/IAP
0x000000019cf87000 	/System/Library/PrivateFrameworks/IOPlatformPluginFamily.framework/Versions/A/IOPlatformPluginFamily
0x0000000239eff000 	/System/Library/PrivateFrameworks/AvatarKit.framework/Versions/A/AvatarKit
0x0000000239fbe000 	/System/Library/PrivateFrameworks/AvatarPersistence.framework/Versions/A/AvatarPersistence
0x0000000232b3b000 	/System/Library/Frameworks/TipKit.framework/Versions/A/TipKit
0x00000001a55b9000 	/System/Library/PrivateFrameworks/IMSharedUtilities.framework/Versions/A/IMSharedUtilities
0x00000002893db000 	/usr/lib/swift/libswiftAppleArchive.dylib
0x000000027c333000 	/System/Library/PrivateFrameworks/VFX.framework/Versions/A/VFX
0x00000001d5d70000 	/System/Library/PrivateFrameworks/AppleCVA.framework/Versions/A/AppleCVA
0x0000000239fbd000 	/System/Library/PrivateFrameworks/AvatarKitContent.framework/Versions/A/AvatarKitContent
0x000000022e364000 	/System/Library/Frameworks/MetalFX.framework/Versions/A/MetalFX
0x000000023d724000 	/System/Library/PrivateFrameworks/CompositorNonUI.framework/Versions/A/CompositorNonUI
0x000000022a680000 	/System/Library/Frameworks/ARKit.framework/Versions/A/ARKit
0x0000000235366000 	/System/Library/PrivateFrameworks/ARKitCore.framework/Versions/A/ARKitCore
0x00000002879e9000 	/usr/lib/libDisplayWarpSupport.dylib
0x000000023f9f6000 	/System/Library/PrivateFrameworks/CoreComposite.framework/Versions/A/CoreComposite
0x00000002883b8000 	/usr/lib/libchannel.dylib
0x0000000289034000 	/usr/lib/librealtime_safety.dylib
0x00000002353f2000 	/System/Library/PrivateFrameworks/ARKitFoundation.framework/Versions/A/ARKitFoundation
0x0000000238103000 	/System/Library/PrivateFrameworks/AppleDepth.framework/Versions/A/AppleDepth
0x0000000238280000 	/System/Library/PrivateFrameworks/AppleDepthCore.framework/Versions/A/AppleDepthCore
0x000000019d0c2000 	/System/Library/PrivateFrameworks/CoreAppleCVA.framework/Versions/A/CoreAppleCVA
0x00000001aa14f000 	/System/Library/PrivateFrameworks/ContactsUICore.framework/Versions/A/ContactsUICore
0x00000001b1a56000 	/System/Library/PrivateFrameworks/ContactsDonation.framework/Versions/A/ContactsDonation
0x00000001b1312000 	/System/Library/PrivateFrameworks/DataDetectors.framework/Versions/A/DataDetectors
0x00000001a39ca000 	/System/Library/Frameworks/MediaLibrary.framework/Versions/A/MediaLibrary
0x000000019dfef000 	/System/Library/PrivateFrameworks/PersonaKit.framework/Versions/A/PersonaKit
0x00000001aa13c000 	/System/Library/PrivateFrameworks/PersonaUI.framework/Versions/A/PersonaUI
0x00000001c5211000 	/System/Library/PrivateFrameworks/Transparency.framework/Versions/A/Transparency
0x000000024689b000 	/System/Library/PrivateFrameworks/FindMyLocate.framework/Versions/A/FindMyLocate
0x00000001b3355000 	/System/Library/PrivateFrameworks/IntlPreferences.framework/Versions/A/IntlPreferences
0x0000000243a54000 	/System/Library/PrivateFrameworks/CoreTransparency.framework/Versions/A/CoreTransparency
0x000000024676f000 	/System/Library/PrivateFrameworks/FindMyCommon.framework/Versions/A/FindMyCommon
0x0000000246542000 	/System/Library/PrivateFrameworks/FindMyBase.framework/Versions/A/FindMyBase
0x000000022fdf9000 	/System/Library/Frameworks/NearbyInteraction.framework/Versions/A/NearbyInteraction
0x000000019dbde000 	/System/Library/PrivateFrameworks/AddressBookCore.framework/Versions/A/AddressBookCore
0x00000001b8e5f000 	/System/Library/PrivateFrameworks/ToneKit.framework/Versions/A/ToneKit
0x00000001b339c000 	/System/Library/PrivateFrameworks/ToneLibrary.framework/Versions/A/ToneLibrary
0x000000023da2d000 	/System/Library/PrivateFrameworks/ContactsAccounts.framework/Versions/A/ContactsAccounts
0x00000001b7110000 	/System/Library/PrivateFrameworks/Lookup.framework/Versions/A/Lookup
0x000000023071a000 	/System/Library/Frameworks/QuickLookUI.framework/Versions/A/QuickLookUI
0x0000000231147000 	/System/Library/Frameworks/ScreenCaptureKit.framework/Versions/A/ScreenCaptureKit
0x00000001b4105000 	/System/Library/Frameworks/Quartz.framework/Versions/A/Frameworks/QuartzComposer.framework/Versions/A/QuartzComposer
0x00000001b332c000 	/System/Library/Frameworks/Quartz.framework/Versions/A/Frameworks/QuartzFilters.framework/Versions/A/QuartzFilters
0x00000001b23b3000 	/System/Library/Frameworks/Quartz.framework/Versions/A/Frameworks/ImageKit.framework/Versions/A/ImageKit
0x000000022a481000 	/System/Library/Frameworks/OpenCL.framework/Versions/A/OpenCL
0x00000001b08af000 	/System/Library/PrivateFrameworks/CorePDF.framework/Versions/A/CorePDF
0x000000019ac16000 	/System/Library/Frameworks/QuickLook.framework/Versions/A/QuickLook
0x00000001a59ee000 	/System/Library/PrivateFrameworks/DisplayServices.framework/Versions/A/DisplayServices
0x00000001b32b0000 	/System/Library/Frameworks/ImageCaptureCore.framework/Versions/A/ImageCaptureCore
0x000000027e251000 	/System/Library/PrivateFrameworks/VisionKitCore.framework/Versions/A/VisionKitCore
0x00000001ae989000 	/System/Library/PrivateFrameworks/QuickLookSupport.framework/Versions/A/QuickLookSupport
0x000000025d011000 	/System/Library/PrivateFrameworks/MediaAnalysisServices.framework/Versions/A/MediaAnalysisServices
0x00000001b6099000 	/System/Library/PrivateFrameworks/PhotoLibraryServices.framework/Versions/A/PhotoLibraryServices
0x00000001b2ec1000 	/System/Library/Frameworks/Photos.framework/Versions/A/Photos
0x00000001c7d1f000 	/System/Library/PrivateFrameworks/PhotosFormats.framework/Versions/A/PhotosFormats
0x000000027d38c000 	/System/Library/PrivateFrameworks/VectorSearch.framework/Versions/A/VectorSearch
0x00000001c3f5b000 	/System/Library/PrivateFrameworks/CloudPhotoLibrary.framework/Versions/A/CloudPhotoLibrary
0x00000001cd7b9000 	/System/Library/PrivateFrameworks/CloudPhotoServices.framework/Versions/A/CloudPhotoServices
0x00000001c9bfd000 	/System/Library/PrivateFrameworks/CoreMediaStream.framework/Versions/A/CoreMediaStream
0x000000019e6be000 	/System/Library/PrivateFrameworks/CPAnalytics.framework/Versions/A/CPAnalytics
0x00000001c5f87000 	/System/Library/PrivateFrameworks/MediaConversionService.framework/Versions/A/MediaConversionService
0x00000001a55a5000 	/System/Library/PrivateFrameworks/PhotoFoundation.framework/Versions/A/PhotoFoundation
0x0000000265953000 	/System/Library/PrivateFrameworks/PhotoLibraryServicesCore.framework/Versions/A/PhotoLibraryServicesCore
0x00000001bfbaf000 	/System/Library/PrivateFrameworks/MMCS.framework/Versions/A/MMCS
0x00000001a3825000 	/System/Library/PrivateFrameworks/ChunkingLibrary.framework/Versions/A/ChunkingLibrary
0x000000019d36f000 	/System/Library/PrivateFrameworks/AssetCacheServices.framework/Versions/A/AssetCacheServices
0x000000019f36a000 	/System/Library/PrivateFrameworks/AVFoundationCF.framework/Versions/A/AVFoundationCF
0x00000001de189000 	/usr/lib/swift/libswiftDemangle.dylib
0x00000002533e2000 	/System/Library/PrivateFrameworks/ImageCaptureDevices.framework/Versions/A/ImageCaptureDevices
0x00000001b15d7000 	/System/Library/PrivateFrameworks/MediaStream.framework/Versions/A/MediaStream
0x00000001c6475000 	/System/Library/PrivateFrameworks/NeutrinoCore.framework/Versions/A/NeutrinoCore
0x000000018c5a0000 	/System/Library/PrivateFrameworks/NLP.framework/Versions/A/NLP
0x00000001cc50e000 	/System/Library/PrivateFrameworks/PhotoImaging.framework/Versions/A/PhotoImaging
0x00000001cd77a000 	/System/Library/PrivateFrameworks/PhotosImagingFoundation.framework/Versions/A/PhotosImagingFoundation
0x0000000266500000 	/System/Library/PrivateFrameworks/PhotosIntelligenceCore.framework/Versions/A/PhotosIntelligenceCore
0x000000019f802000 	/System/Library/PrivateFrameworks/EmbeddedAcousticRecognition.framework/Versions/A/EmbeddedAcousticRecognition
0x00000001bb092000 	/System/Library/PrivateFrameworks/EmojiFoundation.framework/Versions/A/EmojiFoundation
0x00000001c41d5000 	/System/Library/PrivateFrameworks/SDAPI.framework/Versions/A/SDAPI
0x000000025714c000 	/System/Library/PrivateFrameworks/IsolatedContextLogging.framework/Versions/A/IsolatedContextLogging
0x00000001cd7c8000 	/System/Library/PrivateFrameworks/AutoLoop.framework/Versions/A/AutoLoop
0x0000000267126000 	/System/Library/PrivateFrameworks/Portrait.framework/Versions/A/Portrait
0x0000000246fc0000 	/System/Library/PrivateFrameworks/FusionTracker.framework/Versions/A/FusionTracker
0x00000001b3b88000 	/System/Library/PrivateFrameworks/iTunesCloud.framework/Versions/A/iTunesCloud
0x00000001bcfbc000 	/System/Library/PrivateFrameworks/DAAPKit.framework/Versions/A/DAAPKit
0x00000001aed23000 	/System/Library/PrivateFrameworks/DeviceManagement.framework/Versions/A/DeviceManagement
0x00000001d386e000 	/System/Library/PrivateFrameworks/ScreenTimeUI.framework/Versions/A/ScreenTimeUI
0x00000001b130c000 	/System/Library/PrivateFrameworks/QuickLookNonBaseSystem.framework/Versions/A/QuickLookNonBaseSystem
0x00000001b1b2d000 	/System/Library/PrivateFrameworks/Catalyst.framework/Versions/A/Catalyst
0x00000001b3550000 	/System/Library/PrivateFrameworks/ScreenTimeCore.framework/Versions/A/ScreenTimeCore
0x00000001c717c000 	/System/Library/PrivateFrameworks/ScreenTimeServiceUI.framework/Versions/A/ScreenTimeServiceUI
0x00000001bfd41000 	/System/Library/PrivateFrameworks/ConfigurationEngineModel.framework/Versions/A/ConfigurationEngineModel
0x00000001c2f6a000 	/System/Library/PrivateFrameworks/UsageTracking.framework/Versions/A/UsageTracking
0x000000022c05e000 	/System/Library/Frameworks/DeviceActivity.framework/Versions/A/DeviceActivity
0x00000001c2f39000 	/System/Library/PrivateFrameworks/KnowledgeMonitor.framework/Versions/A/KnowledgeMonitor
0x00000001db0bc000 	/System/Library/PrivateFrameworks/BluetoothManager.framework/Versions/A/BluetoothManager
0x000000022d6ee000 	/System/Library/Frameworks/ManagedSettings.framework/Versions/A/ManagedSettings
0x000000025c761000 	/System/Library/PrivateFrameworks/ManagedSettingsSupport.framework/Versions/A/ManagedSettingsSupport
0x00000001d82a3000 	/System/Library/Frameworks/ReplayKit.framework/Versions/A/ReplayKit
0x00000001a6a0b000 	/System/Library/PrivateFrameworks/MarkupUI.framework/Versions/A/MarkupUI
0x00000001b12e3000 	/System/Library/PrivateFrameworks/SidecarCore.framework/Versions/A/SidecarCore
0x00000001b3fb9000 	/System/Library/PrivateFrameworks/AnnotationKit.framework/Versions/A/AnnotationKit
0x00000001b25e6000 	/System/Library/Frameworks/PencilKit.framework/Versions/A/PencilKit
0x00000001b27aa000 	/System/Library/PrivateFrameworks/SidecarUI.framework/Versions/A/SidecarUI
0x00000001b1f51000 	/System/Library/PrivateFrameworks/CoreHandwriting.framework/Versions/A/CoreHandwriting
0x000000018618a000 	/usr/lib/libmecabra.dylib
0x00000001aa74a000 	/System/Library/PrivateFrameworks/Calculate.framework/Versions/A/Calculate
0x0000000195ff1000 	/usr/lib/libChineseTokenizer.dylib
0x00000001e9c01000 	/System/Library/PrivateFrameworks/ScreenReaderCore.framework/Versions/A/ScreenReaderCore
0x0000000275737000 	/System/Library/PrivateFrameworks/StocksKit.framework/Versions/A/StocksKit
0x00000001a96f1000 	/System/Library/PrivateFrameworks/OAuth.framework/Versions/A/OAuth
0x000000027542d000 	/System/Library/PrivateFrameworks/StocksCore.framework/Versions/A/StocksCore
0x000000027693e000 	/System/Library/PrivateFrameworks/TeaFoundation.framework/Versions/A/TeaFoundation
0x0000000276b25000 	/System/Library/PrivateFrameworks/TeaSettings.framework/Versions/A/TeaSettings
0x00000001df8a5000 	/System/Library/PrivateFrameworks/NewsCore.framework/Versions/A/NewsCore
0x00000002768db000 	/System/Library/PrivateFrameworks/TeaDB.framework/Versions/A/TeaDB
0x00000001dc234000 	/System/Library/PrivateFrameworks/RemoteConfiguration.framework/Versions/A/RemoteConfiguration
0x00000001df48c000 	/System/Library/PrivateFrameworks/NewsTransport.framework/Versions/A/NewsTransport
0x00000001df895000 	/System/Library/PrivateFrameworks/NewsFoundation.framework/Versions/A/NewsFoundation
0x0000000262054000 	/System/Library/PrivateFrameworks/NewsURLBucket.framework/Versions/A/NewsURLBucket
0x00000001b5c98000 	/System/Library/PrivateFrameworks/MobileInstallation.framework/Versions/A/MobileInstallation
0x0000000232ca4000 	/System/Library/Frameworks/Translation.framework/Versions/A/Translation
0x00000001cf1a3000 	/System/Library/PrivateFrameworks/RevealCore.framework/Versions/A/RevealCore
0x00000001cf197000 	/System/Library/PrivateFrameworks/Reveal.framework/Versions/A/Reveal
0x00000001c6e27000 	/System/Library/Frameworks/Speech.framework/Versions/A/Speech
0x0000000234195000 	/System/Library/PrivateFrameworks/AIMLExperimentationAnalytics.framework/Versions/A/AIMLExperimentationAnalytics
0x000000023663b000 	/System/Library/PrivateFrameworks/AlgorithmsInternal.framework/Versions/A/AlgorithmsInternal
0x000000027a2a7000 	/System/Library/PrivateFrameworks/TranslationUIServices.framework/Versions/A/TranslationUIServices
0x0000000278ff9000 	/System/Library/PrivateFrameworks/TipKitCore.framework/Versions/A/TipKitCore
0x00000001bb117000 	/System/Library/PrivateFrameworks/CoreCDPInternal.framework/Versions/A/CoreCDPInternal
0x0000000253bbc000 	/System/Library/PrivateFrameworks/InputAnalytics.framework/Versions/A/InputAnalytics
0x00000001c0dc2000 	/System/Library/Frameworks/InstantMessage.framework/Versions/A/InstantMessage
0x00000001b8bcd000 	/System/Library/PrivateFrameworks/IDSKVStore.framework/Versions/A/IDSKVStore
0x00000001b8870000 	/System/Library/PrivateFrameworks/IMDPersistence.framework/Versions/A/IMDPersistence
0x000000027c22d000 	/System/Library/PrivateFrameworks/UserSafety.framework/Versions/A/UserSafety
0x00000001da145000 	/System/Library/PrivateFrameworks/BlastDoor.framework/Versions/A/BlastDoor
0x00000002582b3000 	/System/Library/PrivateFrameworks/LinkPresentationStyleSheetParsing.framework/Versions/A/LinkPresentationStyleSheetParsing
0x00000002672e7000 	/System/Library/PrivateFrameworks/PosterFoundation.framework/Versions/A/PosterFoundation
0x0000000267375000 	/System/Library/PrivateFrameworks/PosterModel.framework/Versions/A/PosterModel
0x000000026734f000 	/System/Library/PrivateFrameworks/PosterFuturesKit.framework/Versions/A/PosterFuturesKit
0x000000024631a000 	/System/Library/PrivateFrameworks/FeedbackService.framework/Versions/A/FeedbackService
0x00000001b19aa000 	/System/Library/PrivateFrameworks/CoreSDB.framework/Versions/A/CoreSDB
0x000000023967e000 	/System/Library/PrivateFrameworks/AskToCore.framework/Versions/A/AskToCore
0x00000001d40f0000 	/System/Library/PrivateFrameworks/MachineSettings.framework/Versions/A/MachineSettings
0x00000001c5774000 	/System/Library/PrivateFrameworks/BezelServices.framework/Versions/A/BezelServices
0x00000001bd047000 	/System/Library/PrivateFrameworks/SPOwner.framework/Versions/A/SPOwner
0x00000001b58e0000 	/System/Library/PrivateFrameworks/FMCore.framework/Versions/A/FMCore
0x0000000282d8e000 	/System/Library/PrivateFrameworks/iCloudQuota.framework/Versions/A/iCloudQuota
0x00000001aa0b5000 	/System/Library/PrivateFrameworks/CoreRecognition.framework/Versions/A/CoreRecognition
0x00000001c5834000 	/System/Library/PrivateFrameworks/InAppMessages.framework/Versions/A/InAppMessages
0x00000001e87b4000 	/System/Library/PrivateFrameworks/JetUI.framework/Versions/A/JetUI
0x00000002574ab000 	/System/Library/PrivateFrameworks/JetPack.framework/Versions/A/JetPack
0x00000001c582b000 	/System/Library/PrivateFrameworks/InAppMessagesCore.framework/Versions/A/InAppMessagesCore
0x00000002821a4000 	/System/Library/PrivateFrameworks/_JetEngine_SwiftUI.framework/Versions/A/_JetEngine_SwiftUI
0x00000002763d1000 	/System/Library/PrivateFrameworks/Synapse.framework/Versions/A/Synapse
0x000000023b924000 	/System/Library/PrivateFrameworks/CSExattrCrypto.framework/Versions/A/CSExattrCrypto
0x00000001b6e07000 	/System/Library/PrivateFrameworks/StoreFoundation.framework/Versions/A/StoreFoundation
0x00000001b58da000 	/System/Library/PrivateFrameworks/ServerInformation.framework/Versions/A/ServerInformation
0x00000001b52f0000 	/System/Library/PrivateFrameworks/Install.framework/Frameworks/DistributionKit.framework/Versions/A/DistributionKit
0x00000001ae75d000 	/System/Library/PrivateFrameworks/PackageKit.framework/Versions/A/PackageKit
0x00000001b5313000 	/System/Library/PrivateFrameworks/OSPersonalization.framework/Versions/A/OSPersonalization
0x00000001b736d000 	/System/Library/PrivateFrameworks/BridgeOSSoftwareUpdate.framework/Versions/A/BridgeOSSoftwareUpdate
0x00000001b1e50000 	/System/Library/PrivateFrameworks/StorageManagement.framework/Versions/A/StorageManagement
0x00000001c6ca7000 	/usr/lib/libauthinstall.dylib
0x00000001b7376000 	/System/Library/PrivateFrameworks/InstallerDiagnostics.framework/Versions/A/InstallerDiagnostics
0x00000001c7363000 	/usr/lib/libcrypto.42.dylib
0x0000000289917000 	/usr/lib/updaters/libAppleTconUARPUpdater.dylib
0x0000000289aac000 	/usr/lib/updaters/libT200Updater.dylib
0x00000001b735b000 	/System/Library/PrivateFrameworks/GPUInfo.framework/Versions/A/GPUInfo
0x00000001c5931000 	/System/Library/PrivateFrameworks/MobileActivationMacOS.framework/Versions/A/MobileActivationMacOS
0x00000001a9636000 	/System/Library/PrivateFrameworks/AccountsDaemon.framework/Versions/A/AccountsDaemon
0x00000001b73b9000 	/System/Library/PrivateFrameworks/AOSKit.framework/Versions/A/AOSKit
0x0000000196120000 	/System/Library/PrivateFrameworks/AppSSOCore.framework/Versions/A/AppSSOCore
0x000000023a0ca000 	/System/Library/PrivateFrameworks/BackgroundSystemTasks.framework/Versions/A/BackgroundSystemTasks
0x00000001a1dac000 	/System/Library/PrivateFrameworks/DuetActivityScheduler.framework/Versions/A/DuetActivityScheduler
0x00000001c3e86000 	/System/Library/PrivateFrameworks/NetworkServiceProxy.framework/Versions/A/NetworkServiceProxy
0x000000019cffb000 	/usr/lib/libnetworkextension.dylib
0x00000002760f3000 	/System/Library/PrivateFrameworks/Symptoms.framework/Versions/A/Frameworks/SymptomAnalytics.framework/Versions/A/SymptomAnalytics
0x0000000199b33000 	/System/Library/Frameworks/NetworkExtension.framework/Versions/A/NetworkExtension
0x00000001a04c8000 	/System/Library/PrivateFrameworks/CoreDuetContext.framework/Versions/A/CoreDuetContext
0x000000018abf4000 	/System/Library/PrivateFrameworks/CoreDuet.framework/Versions/A/CoreDuet
0x00000001a52df000 	/System/Library/PrivateFrameworks/AssistantServices.framework/Versions/A/AssistantServices
0x000000019f4ad000 	/System/Library/PrivateFrameworks/SAObjects.framework/Versions/A/SAObjects
0x00000001a4ec6000 	/System/Library/PrivateFrameworks/MediaRemote.framework/Versions/A/MediaRemote
0x0000000272c61000 	/System/Library/PrivateFrameworks/SiriTTSService.framework/Versions/A/SiriTTSService
0x000000026d35d000 	/System/Library/PrivateFrameworks/SiriCrossDeviceArbitration.framework/Versions/A/SiriCrossDeviceArbitration
0x0000000245ea4000 	/System/Library/PrivateFrameworks/FaceTimeNameUtility.framework/Versions/A/FaceTimeNameUtility
0x000000026d3b1000 	/System/Library/PrivateFrameworks/SiriCrossDeviceArbitrationFeedback.framework/Versions/A/SiriCrossDeviceArbitrationFeedback
0x00000001c61b9000 	/System/Library/PrivateFrameworks/UIKitServices.framework/Versions/A/UIKitServices
0x00000001a9ec5000 	/System/Library/PrivateFrameworks/MediaServices.framework/Versions/A/MediaServices
0x0000000196569000 	/System/Library/PrivateFrameworks/PersistentConnection.framework/Versions/A/PersistentConnection
0x0000000274544000 	/System/Library/PrivateFrameworks/SonicFoundation.framework/Versions/A/SonicFoundation
0x00000001b98cd000 	/usr/lib/libtailspin.dylib
0x00000001cd8da000 	/System/Library/PrivateFrameworks/Osprey.framework/Versions/A/Osprey
0x00000002722e1000 	/System/Library/PrivateFrameworks/SiriTTS.framework/Versions/A/SiriTTS
0x0000000270ea1000 	/System/Library/PrivateFrameworks/SiriPowerInstrumentation.framework/Versions/A/SiriPowerInstrumentation
0x00000002768d9000 	/System/Library/PrivateFrameworks/TailspinSymbolication.framework/Versions/A/TailspinSymbolication
0x00000002441fa000 	/System/Library/PrivateFrameworks/Darwinup.framework/Versions/A/Darwinup
0x00000001c5fc2000 	/System/Library/PrivateFrameworks/SignpostSupport.framework/Versions/A/SignpostSupport
0x00000001b1937000 	/System/Library/PrivateFrameworks/FeatureFlagsSupport.framework/Versions/A/FeatureFlagsSupport
0x00000001c5682000 	/System/Library/PrivateFrameworks/ktrace.framework/Versions/A/ktrace
0x00000001c61f1000 	/System/Library/PrivateFrameworks/SampleAnalysis.framework/Versions/A/SampleAnalysis
0x00000001cf171000 	/System/Library/PrivateFrameworks/kperfdata.framework/Versions/A/kperfdata
0x000000019ad54000 	/usr/lib/libdscsym.dylib
0x00000001cf646000 	/System/Library/PrivateFrameworks/BulkSymbolication.framework/Versions/A/BulkSymbolication
0x00000001a2efa000 	/System/Library/PrivateFrameworks/CoreDuetDaemonProtocol.framework/Versions/A/CoreDuetDaemonProtocol
0x00000001b6c88000 	/System/Library/PrivateFrameworks/CaptiveNetwork.framework/Versions/A/CaptiveNetwork
0x00000001a12f3000 	/System/Library/PrivateFrameworks/EAP8021X.framework/Versions/A/EAP8021X
0x0000000243fc0000 	/System/Library/PrivateFrameworks/CryptoKitPrivate.framework/Versions/A/CryptoKitPrivate
0x00000001b0f05000 	/System/Library/PrivateFrameworks/FindMyDevice.framework/Versions/A/FindMyDevice
0x00000001a5ae1000 	/System/Library/PrivateFrameworks/FMCoreLite.framework/Versions/A/FMCoreLite
0x0000000193c18000 	/System/Library/Frameworks/ServiceManagement.framework/Versions/A/ServiceManagement
0x00000001b87ee000 	/System/Library/Frameworks/Accelerate.framework/Versions/A/Frameworks/vImage.framework/Versions/A/Libraries/libCGInterfaces.dylib
0x000000014abf4000 	/System/Library/Extensions/AGXMetalG15X_M1.bundle/Contents/MacOS/AGXMetalG15X_M1
0x00000001a9d5f000 	/System/Library/PrivateFrameworks/IOGPU.framework/Versions/A/IOGPU
0x000000022a2ff000 	/System/Library/Frameworks/OpenGL.framework/Versions/A/Resources/GLEngine.bundle/GLEngine
0x000000022a19f000 	/System/Library/Frameworks/OpenGL.framework/Versions/A/Libraries/libGLProgrammability.dylib
0x0000000110fc0000 	/System/Library/Extensions/AppleMetalOpenGLRenderer.bundle/Contents/MacOS/AppleMetalOpenGLRenderer
0x000000022a45d000 	/System/Library/Frameworks/OpenGL.framework/Versions/A/Resources/GLRendererFloat.bundle/GLRendererFloat
0x0000000111234000 	/private/var/folders/p7/vhv4lqg12pj2spxrn1n67ks00000gn/T/lwjgl_matthew/3.4.1+2/arm64/liblwjgl_opengl.dylib
0x000000011125c000 	/Library/Java/JavaVirtualMachines/temurin-25.jdk/Contents/Home/lib/libverify.dylib
0x0000000137aec000 	/private/var/folders/p7/vhv4lqg12pj2spxrn1n67ks00000gn/T/lwjgl_matthew/3.4.1+2/arm64/liblwjgl_stb.dylib

JVMTI agents: none


VM Arguments:
jvm_args: --enable-native-access=ALL-UNNAMED -XX:+ShowCodeDetailsInExceptionMessages 
java_command: Main
java_class_path (initial): /Users/matthew/lwjgl_testing/target/classes:/Users/matthew/.m2/repository/org/lwjgl/lwjgl/3.4.1/lwjgl-3.4.1.jar:/Users/matthew/.m2/repository/org/lwjgl/lwjgl-glfw/3.4.1/lwjgl-glfw-3.4.1.jar:/Users/matthew/.m2/repository/org/lwjgl/lwjgl-opengl/3.4.1/lwjgl-opengl-3.4.1.jar:/Users/matthew/.m2/repository/org/lwjgl/lwjgl-stb/3.4.1/lwjgl-stb-3.4.1.jar:/Users/matthew/.m2/repository/org/lwjgl/lwjgl/3.4.1/lwjgl-3.4.1-natives-macos-arm64.jar:/Users/matthew/.m2/repository/org/lwjgl/lwjgl-glfw/3.4.1/lwjgl-glfw-3.4.1-natives-macos-arm64.jar:/Users/matthew/.m2/repository/org/lwjgl/lwjgl-opengl/3.4.1/lwjgl-opengl-3.4.1-natives-macos-arm64.jar:/Users/matthew/.m2/repository/org/lwjgl/lwjgl-stb/3.4.1/lwjgl-stb-3.4.1-natives-macos-arm64.jar:/Users/matthew/.m2/repository/org/joml/joml/1.10.8/joml-1.10.8.jar:/Users/matthew/.m2/repository/org/joml/joml-primitives/1.10.0/joml-primitives-1.10.0.jar
Launcher Type: SUN_STANDARD

[Global flags]
     intx CICompilerCount                          = 4                                         {product} {ergonomic}
     uint ConcGCThreads                            = 3                                         {product} {ergonomic}
     uint G1ConcRefinementThreads                  = 11                                        {product} {ergonomic}
   size_t G1HeapRegionSize                         = 8388608                                   {product} {ergonomic}
   size_t InitialHeapSize                          = 603979776                                 {product} {ergonomic}
   size_t MarkStackSize                            = 4194304                                   {product} {ergonomic}
   size_t MarkStackSizeMax                         = 536870912                                 {product} {ergonomic}
   size_t MaxHeapSize                              = 9663676416                                {product} {ergonomic}
   size_t MaxNewSize                               = 5796528128                                {product} {ergonomic}
   size_t MinHeapDeltaBytes                        = 8388608                                   {product} {ergonomic}
   size_t MinHeapSize                              = 8388608                                   {product} {ergonomic}
    uintx NonNMethodCodeHeapSize                   = 5832704                                {pd product} {ergonomic}
    uintx NonProfiledCodeHeapSize                  = 122929152                              {pd product} {ergonomic}
    uintx ProfiledCodeHeapSize                     = 122896384                              {pd product} {ergonomic}
    uintx ReservedCodeCacheSize                    = 251658240                              {pd product} {ergonomic}
     bool SegmentedCodeCache                       = true                                      {product} {ergonomic}
     bool ShowCodeDetailsInExceptionMessages       = true                                   {manageable} {command line}
   size_t SoftMaxHeapSize                          = 9663676416                             {manageable} {ergonomic}
     bool UseCompressedOops                        = true                           {product lp64_product} {ergonomic}
     bool UseG1GC                                  = true                                      {product} {ergonomic}
     bool UseNUMA                                  = false                                     {product} {ergonomic}
     bool UseNUMAInterleaving                      = false                                     {product} {ergonomic}

Logging:
Log output configuration:
 #0: stdout all=warning uptime,level,tags foldmultilines=false
 #1: stderr all=off uptime,level,tags foldmultilines=false

Release file:
IMPLEMENTOR="Eclipse Adoptium"
IMPLEMENTOR_VERSION="Temurin-25.0.2+10"
JAVA_RUNTIME_VERSION="25.0.2+10-LTS"
JAVA_VERSION="25.0.2"
JAVA_VERSION_DATE="2026-01-20"
LIBC="default"
MODULES="java.base java.compiler java.datatransfer java.xml java.prefs java.desktop java.instrument java.logging java.management java.security.sasl java.naming java.rmi java.management.rmi java.net.http java.scripting java.security.jgss java.transaction.xa java.sql java.sql.rowset java.xml.crypto java.se java.smartcardio jdk.accessibility jdk.internal.jvmstat jdk.attach jdk.charsets jdk.internal.opt jdk.zipfs jdk.compiler jdk.crypto.cryptoki jdk.crypto.ec jdk.dynalink jdk.internal.ed jdk.editpad jdk.internal.vm.ci jdk.graal.compiler jdk.graal.compiler.management jdk.hotspot.agent jdk.httpserver jdk.incubator.vector jdk.internal.le jdk.internal.md jdk.jartool jdk.javadoc jdk.jcmd jdk.management jdk.management.agent jdk.jconsole jdk.jdeps jdk.jdwp.agent jdk.jdi jdk.jfr jdk.jlink jdk.jpackage jdk.jshell jdk.jsobject jdk.jstatd jdk.localedata jdk.management.jfr jdk.naming.dns jdk.naming.rmi jdk.net jdk.nio.mapmode jdk.sctp jdk.security.auth jdk.security.jgss jdk.unsupported jdk.unsupported.desktop jdk.xml.dom"
OS_ARCH="aarch64"
OS_NAME="Darwin"
SOURCE=".:git:9e3c947043a4"
BUILD_SOURCE="git:458965074606f027bd5afce2cfd5c1055dea0438"
BUILD_SOURCE_REPO="https://github.com/adoptium/temurin-build.git"
SOURCE_REPO="https://github.com/adoptium/jdk25u.git"
FULL_VERSION="25.0.2+10-LTS"
SEMANTIC_VERSION="25.0.2+10"
BUILD_INFO="OS: macOS Version: 14.1 23B74"
JVM_VARIANT="Hotspot"
JVM_VERSION="25.0.2+10-LTS"
IMAGE_TYPE="JDK"

Environment Variables:
PATH=/Users/matthew/.pyenv/shims:/Users/matthew/.pyenv/bin:/Users/matthew/Library/Application Support/Code/User/globalStorage/github.copilot-chat/debugCommand:/Users/matthew/Library/Application Support/Code/User/globalStorage/github.copilot-chat/copilotCli:/opt/homebrew/bin:/opt/homebrew/sbin:/Library/Frameworks/Python.framework/Versions/3.12/bin:/usr/local/bin:/System/Cryptexes/App/usr/bin:/usr/bin:/bin:/usr/sbin:/sbin:/var/run/com.apple.security.cryptexd/codex.system/bootstrap/usr/local/bin:/var/run/com.apple.security.cryptexd/codex.system/bootstrap/usr/bin:/var/run/com.apple.security.cryptexd/codex.system/bootstrap/usr/appleinternal/bin:/pkg/env/global/bin:/Library/Apple/usr/bin:/usr/local/share/dotnet:~/.dotnet/tools:/Library/Frameworks/Mono.framework/Versions/Current/Commands:/Users/matthew/Library/Application Support/Code/User/globalStorage/github.copilot-chat/debugCommand:/Users/matthew/Library/Application Support/Code/User/globalStorage/github.copilot-chat/copilotCli:/Users/matthew/.pyenv/bin:/Users/matthew/.cargo/bin:/Users/matthew/.vscode/extensions/vscjava.vscode-java-debug-0.59.0/bundled/scripts/noConfigScripts:/Users/matthew/.vscode/extensions/ms-python.debugpy-2025.18.0-darwin-arm64/bundled/scripts/noConfigScripts
SHELL=/bin/zsh
LANG=C.UTF-8
TERM=xterm-256color
TMPDIR=/var/folders/p7/vhv4lqg12pj2spxrn1n67ks00000gn/T/

Active Locale:
LC_ALL=C.UTF-8
LC_COLLATE=C.UTF-8
LC_CTYPE=C.UTF-8
LC_MESSAGES=C.UTF-8
LC_MONETARY=C.UTF-8
LC_NUMERIC=C.UTF-8
LC_TIME=C.UTF-8

Signal Handlers:
   SIGSEGV: crash_handler in libjvm.dylib, mask=11100110000111110111111111111111, flags=SA_ONSTACK|SA_RESTART|SA_SIGINFO, unblocked
    SIGBUS: crash_handler in libjvm.dylib, mask=11100110000111110111111111111111, flags=SA_RESTART|SA_SIGINFO, unblocked
    SIGFPE: crash_handler in libjvm.dylib, mask=11100110000111110111111111111111, flags=SA_RESTART|SA_SIGINFO, unblocked
   SIGPIPE: javaSignalHandler in libjvm.dylib, mask=11100110000111110111111111111111, flags=SA_RESTART|SA_SIGINFO, blocked
   SIGXFSZ: javaSignalHandler in libjvm.dylib, mask=11100110000111110111111111111111, flags=SA_RESTART|SA_SIGINFO, blocked
    SIGILL: crash_handler in libjvm.dylib, mask=11100110000111110111111111111111, flags=SA_RESTART|SA_SIGINFO, unblocked
   SIGUSR2: SR_handler in libjvm.dylib, mask=00000000000000000000000000000000, flags=SA_RESTART|SA_SIGINFO, blocked
    SIGHUP: UserHandler in libjvm.dylib, mask=11100110000111110111111111111111, flags=SA_RESTART|SA_SIGINFO, blocked
    SIGINT: UserHandler in libjvm.dylib, mask=11100110000111110111111111111111, flags=SA_RESTART|SA_SIGINFO, blocked
   SIGTERM: UserHandler in libjvm.dylib, mask=11100110000111110111111111111111, flags=SA_RESTART|SA_SIGINFO, blocked
   SIGQUIT: UserHandler in libjvm.dylib, mask=11100110000111110111111111111111, flags=SA_RESTART|SA_SIGINFO, blocked
   SIGTRAP: crash_handler in libjvm.dylib, mask=11100110000111110111111111111111, flags=SA_RESTART|SA_SIGINFO, unblocked


Compilation memory statistics disabled.

Periodic native trim disabled

---------------  S Y S T E M  ---------------

OS:
uname: Darwin 25.5.0 Darwin Kernel Version 25.5.0: Tue Jun  9 22:26:15 PDT 2026; root:xnu-12377.121.10~1/RELEASE_ARM64_T6031 arm64
OS uptime: 4 days 18:45 hours
rlimit (soft/hard): STACK 8176k/65520k , CORE 0k/infinity , NPROC 6000/9000 , NOFILE 1048576/infinity , AS infinity/infinity , CPU infinity/infinity , DATA infinity/infinity , FSIZE infinity/infinity , MEMLOCK infinity/infinity , RSS infinity/infinity
load average: 3.05 3.62 3.53

CPU: total 14 (initial active 14) 0x61:0x0:0x72015832:0, fp, asimd, aes, pmull, sha1, sha256, crc32, lse, sha3, sha512
machdep.cpu.brand_string:Apple M3 Max
hw.cachelinesize:128
hw.l1icachesize:131072
hw.l1dcachesize:65536
hw.l2cachesize:4194304

Memory: 16k page, physical 37748736k(1312864k free), swap 0k(0k free)

vm_info: OpenJDK 64-Bit Server VM (25.0.2+10-LTS) for bsd-aarch64 JRE (25.0.2+10-LTS), built on 2026-01-20T00:00:00Z with clang Apple LLVM 15.0.0 (clang-1500.1.0.2.5)

END.
